entryName,proteinName,compoundName,uid,pdbFile,ligandFile,af2File,protein_rmsd,pocket_rmsd,clashScore,lddt,bs_lddt,tmscore,rmsd,protein_length,filled_num,pdb,initial_release_date,cluster_id_100,cluster_id_95,cluster_id_70,cluster_id_50,cluster_id_30,comp_id,smiles,wt,n_atoms,superfamily,superfamily_by_clster30,family,raw_af2File,uid_entry,identity_ratio,len_info,len_ref_seq,len_pdb_seq,result_seq_ref,result_seq_pdb,start_idx,end_idx,raw_result_ref,mut_count,gap_mask,overlap_mean,clash_n,n,gap_mask_protein_rmsd,gap_mask_pocket_rmsd,gap_mask_clashScore,gap_mask_lddt,gap_mask_bs_lddt,year,pubmed,cites,uid_ligand,name,protein,ligand,protein_path
6ubw_84S_A,6ubw_A,6ubw_84S_A,P08581,/mnt/nas/research-data/luwei/dynamicbind_data/database/wholePDB_v3//pocket_aligned_fill_missing/P08581/6ubw_84S_A_aligned_to_P08581_refined.pdb,/mnt/nas/research-data/luwei/dynamicbind_data/database/wholePDB_v3//pocket_aligned_fill_missing/P08581/6ubw_84S_A.sdf,/mnt/nas/research-data/luwei/dynamicbind_data/database/wholePDB_v3//pocket_aligned_fill_missing/P08581/af2_6ubw_84S_A_aligned.pdb,7.2797394,9.440434,0.4430469126631668,0.7596,0.8794,0.86923,6.688497415535749,290,-12,6ubw,2020-02-12,642,519,910,1353,2,84S,Cn1cc(-c2ccc3nnc(C(F)(F)c4ccc5nc(NC(=O)C6CC6)cn5n4)n3c2)cn1,449.425,33,Kinase,Kinase,protein kinase superfamily. Tyr protein kinase family,/mnt/nas/research-data/luwei/dynamicbind_data/database/wholePDB_v3//pocket_aligned_fill_missing/P08581/af2_6ubw_84S_A_aligned.pdb,MET_HUMAN,0.9602649006622516,302,302,296,NPELVQAVQHVVIGPSSLIVHFNEVIGRGHFGCVYHGTLLDNDGKKIHCAVKSLNRITDIGEVSQFLTEGIIMKDFSHPNVLSLLGICLRSEGSPLVVLPYMKHGDLRNFIRNETHNPTVKDLIGFGLQVAKGMKYLASKKFVHRDLAARNCMLDEKFTVKVADFGLARDMYDKEYYSVHNKTGAKLPVKWMALESLQTQKFTTKSDVWSFGVLLWELMTRGAPPYPDVNTFDITVYLLQGRRLLQPEYCPDPLYEVMLKCWHPKAEMRPSFSELVSRISAIFSTFIGEHYVHVNATYVNVK,NPELVQAVQHVVIGPSSLIVHFNEVIGRGHFGCVYHGTLL---GKKIHCAVKSLN----IGEVSQFLTEGIIMKDFSHPNVLSLLGICL-----PLVVLPYMKHGDLRNFIRNETHNPTVKDLIGFGLQVAKGMKYLASKKFVHRDLAARNCMLDEKFTVKVADFGLARDMYDKEYYSVHNKTGAKLPVKWMALESLQTQKFTTKSDVWSFGVLLWELMTRGAPPYPDVNTFDITVYLLQGRRLLQPEYCPDPLYEVMLKCWHPKAEMRPSFSELVSRISAIFSTFIGEHYVHVNATYVNVK,1058,1360,MKAPAVLAPGILVLLFTLVQRSNGECKEALAKSEMNVNMKYQLPNFTAETPIQNVILHEHHIFLGATNYIYVLNEEDLQKVAEYKTGPVLEHPDCFPCQDCSSKANLSGGVWKDNINMALVVDTYYDDQLISCGSVNRGTCQRHVFPHNHTADIQSEVHCIFSPQIEEPSQCPDCVVSALGAKVLSSVKDRFINFFVGNTINSSYFPDHPLHSISVRRLKETKDGFMFLTDQSYIDVLPEFRDSYPIKYVHAFESNNFIYFLTVQRETLDAQTFHTRIIRFCSINSGLHSYMEMPLECILTEKRKKRSTKKEVFNILQAAYVSKPGAQLARQIGASLNDDILFGVFAQSKPDSAEPMDRSAMCAFPIKYVNDFFNKIVNKNNVRCLQHFYGPNHEHCFNRTLLRNSSGCEARRDEYRTEFTTALQRVDLFMGQFSEVLLTSISTFIKGDLTIANLGTSEGRFMQVVVSRSGPSTPHVNFLLDSHPVSPEVIVEHTLNQNGYTLVITGKKITKIPLNGLGCRHFQSCSQCLSAPPFVQCGWCHDKCVRSEECLSGTWTQQICLPAIYKVFPNSAPLEGGTRLTICGWDFGFRRNNKFDLKKTRVLLGNESCTLTLSESTMNTLKCTVGPAMNKHFNMSIIISNGHGTTQYSTFSYVDPVITSISPKYGPMAGGTLLTLTGNYLNSGNSRHISIGGKTCTLKSVSNSILECYTPAQTISTEFAVKLKIDLANRETSIFSYREDPIVYEIHPTKSFISGGSTITGVGKNLNSVSVPRMVINVHEAGRNFTVACQHRSNSEIICCTTPSLQQLNLQLPLKTKAFFMLDGILSKYFDLIYVHNPVFKPFEKPVMISMGNENVLEIKGNDIDPEAVKGEVLKVGNKSCENIHLHSEAVLCTVPNDLLKLNSELNIEWKQAISSTVLGKVIVQPDQNFTGLIAGVVSISTALLLLLGFFLWLKKRKQIKDLGSELVRYDARVHTPHLDRLVSARSVSPTTEMVSNESVDYRATFPEDQFPNSSQNGSCRQVQYPLTDMSPILTSGDSDISSPLLQNTVHIDLSALNPELVQAVQHVVIGPSSLIVHFNEVIGRGHFGCVYHGTLLDNDGKKIHCAVKSLNRITDIGEVSQFLTEGIIMKDFSHPNVLSLLGICLRSEGSPLVVLPYMKHGDLRNFIRNETHNPTVKDLIGFGLQVAKGMKYLASKKFVHRDLAARNCMLDEKFTVKVADFGLARDMYDKEYYSVHNKTGAKLPVKWMALESLQTQKFTTKSDVWSFGVLLWELMTRGAPPYPDVNTFDITVYLLQGRRLLQPEYCPDPLYEVMLKCWHPKAEMRPSFSELVSRISAIFSTFIGEHYVHVNATYVNVKCVAPYPSLLSSEDNADDEVDTRPASFWETS,0.0,00000000000000000000000000000000000000001110000000000001111000000000000000000000000000000111110000000000000000000000000000000000000000000000000000000000000000000000000000000000000000000000000000000000000000000000000000000000000000000000000000000000000000000000000000000000000000000000000000000000000000,0.5365890420801731,65,147,7.314173,9.440434,0.4430469126631668,0.7619,0.8794,2020,28341789,4.0,P08581_84S,6ubw_84S_A,/mnt/nas/research-data/luwei/dynamicbind_data/database/wholePDB_v3//pocket_aligned_fill_missing/P08581/af2_6ubw_84S_A_aligned.pdb,/mnt/nas/research-data/luwei/dynamicbind_data/database/wholePDB_v3//pocket_aligned_fill_missing/P08581/6ubw_84S_A.sdf,/mnt/nas/research-data/luwei/dynamicbind_data/database/wholePDB_v3//pocket_aligned_fill_missing/P08581/af2_6ubw_84S_A_aligned.pdb
7b3q_SV5_A,7b3q_A,7b3q_SV5_A,P08581,/mnt/nas/research-data/luwei/dynamicbind_data/database/wholePDB_v3//pocket_aligned_fill_missing/P08581/7b3q_SV5_A_aligned_to_P08581_refined.pdb,/mnt/nas/research-data/luwei/dynamicbind_data/database/wholePDB_v3//pocket_aligned_fill_missing/P08581/7b3q_SV5_A.sdf,/mnt/nas/research-data/luwei/dynamicbind_data/database/wholePDB_v3//pocket_aligned_fill_missing/P08581/af2_7b3q_SV5_A_aligned.pdb,8.198463,7.4388046,0.3485392432162897,0.8067,0.5992,0.85635,6.589352584831148,283,-7,7b3q,2020-12-09,642,519,910,1353,2,SV5,O=c1[nH]ccc2c1ccn2Cc1ccccc1,224.263,17,Kinase,Kinase,protein kinase superfamily. Tyr protein kinase family,/mnt/nas/research-data/luwei/dynamicbind_data/database/wholePDB_v3//pocket_aligned_fill_missing/P08581/af2_7b3q_SV5_A_aligned.pdb,MET_HUMAN,0.9758620689655172,290,290,283,LSALNPELVQAVQHVVIGPSSLIVHFNEVIGRGHFGCVYHGTLLDNDGKKIHCAVKSLNRITDIGEVSQFLTEGIIMKDFSHPNVLSLLGICLRSEGSPLVVLPYMKHGDLRNFIRNETHNPTVKDLIGFGLQVAKGMKYLASKKFVHRDLAARNCMLDEKFTVKVADFGLARDMYDKEYYSVHNKTGAKLPVKWMALESLQTQKFTTKSDVWSFGVLLWELMTRGAPPYPDVNTFDITVYLLQGRRLLQPEYCPDPLYEVMLKCWHPKAEMRPSFSELVSRISAIFSTF,LSALNPELVQAVQHVVIGPSSLIVHFNEVIGRGHFGCVYHGTLLDNDGKKIHCAVKSLNRITDIGEVSQFLTEGIIMKDFSHPNVLSLLGICLRSEGSPLVVLPYMKHGDLRNFIRNETHNPTVKDLIGFGLQVAKGMKYLASKKFVHRDLAARNCMLDEKFTVKVADFGLARDMYDKEYYSVH-------PVKWMALESLQTQKFTTKSDVWSFGVLLWELMTRGAPPYPDVNTFDITVYLLQGRRLLQPEYCPDPLYEVMLKCWHPKAEMRPSFSELVSRISAIFSTF,1054,1344,MKAPAVLAPGILVLLFTLVQRSNGECKEALAKSEMNVNMKYQLPNFTAETPIQNVILHEHHIFLGATNYIYVLNEEDLQKVAEYKTGPVLEHPDCFPCQDCSSKANLSGGVWKDNINMALVVDTYYDDQLISCGSVNRGTCQRHVFPHNHTADIQSEVHCIFSPQIEEPSQCPDCVVSALGAKVLSSVKDRFINFFVGNTINSSYFPDHPLHSISVRRLKETKDGFMFLTDQSYIDVLPEFRDSYPIKYVHAFESNNFIYFLTVQRETLDAQTFHTRIIRFCSINSGLHSYMEMPLECILTEKRKKRSTKKEVFNILQAAYVSKPGAQLARQIGASLNDDILFGVFAQSKPDSAEPMDRSAMCAFPIKYVNDFFNKIVNKNNVRCLQHFYGPNHEHCFNRTLLRNSSGCEARRDEYRTEFTTALQRVDLFMGQFSEVLLTSISTFIKGDLTIANLGTSEGRFMQVVVSRSGPSTPHVNFLLDSHPVSPEVIVEHTLNQNGYTLVITGKKITKIPLNGLGCRHFQSCSQCLSAPPFVQCGWCHDKCVRSEECLSGTWTQQICLPAIYKVFPNSAPLEGGTRLTICGWDFGFRRNNKFDLKKTRVLLGNESCTLTLSESTMNTLKCTVGPAMNKHFNMSIIISNGHGTTQYSTFSYVDPVITSISPKYGPMAGGTLLTLTGNYLNSGNSRHISIGGKTCTLKSVSNSILECYTPAQTISTEFAVKLKIDLANRETSIFSYREDPIVYEIHPTKSFISGGSTITGVGKNLNSVSVPRMVINVHEAGRNFTVACQHRSNSEIICCTTPSLQQLNLQLPLKTKAFFMLDGILSKYFDLIYVHNPVFKPFEKPVMISMGNENVLEIKGNDIDPEAVKGEVLKVGNKSCENIHLHSEAVLCTVPNDLLKLNSELNIEWKQAISSTVLGKVIVQPDQNFTGLIAGVVSISTALLLLLGFFLWLKKRKQIKDLGSELVRYDARVHTPHLDRLVSARSVSPTTEMVSNESVDYRATFPEDQFPNSSQNGSCRQVQYPLTDMSPILTSGDSDISSPLLQNTVHIDLSALNPELVQAVQHVVIGPSSLIVHFNEVIGRGHFGCVYHGTLLDNDGKKIHCAVKSLNRITDIGEVSQFLTEGIIMKDFSHPNVLSLLGICLRSEGSPLVVLPYMKHGDLRNFIRNETHNPTVKDLIGFGLQVAKGMKYLASKKFVHRDLAARNCMLDEKFTVKVADFGLARDMYDKEYYSVHNKTGAKLPVKWMALESLQTQKFTTKSDVWSFGVLLWELMTRGAPPYPDVNTFDITVYLLQGRRLLQPEYCPDPLYEVMLKCWHPKAEMRPSFSELVSRISAIFSTFIGEHYVHVNATYVNVKCVAPYPSLLSSEDNADDEVDTRPASFWETS,0.0,00000000000000000000000000000000000000000000000000000000000000000000000000000000000000000000000000000000000000000000000000000000000000000000000000000000000000000000000000000000000000001111111000000000000000000000000000000000000000000000000000000000000000000000000000000000000000000000000000,0.4163190024414941,27,70,8.233487,7.4388046,0.3485392432162897,0.8168,0.5992,2020,33488978,6.0,P08581_SV5,7b3q_SV5_A,/mnt/nas/research-data/luwei/dynamicbind_data/database/wholePDB_v3//pocket_aligned_fill_missing/P08581/af2_7b3q_SV5_A_aligned.pdb,/mnt/nas/research-data/luwei/dynamicbind_data/database/wholePDB_v3//pocket_aligned_fill_missing/P08581/7b3q_SV5_A.sdf,/mnt/nas/research-data/luwei/dynamicbind_data/database/wholePDB_v3//pocket_aligned_fill_missing/P08581/af2_7b3q_SV5_A_aligned.pdb
7b3t_SVK_A,7b3t_A,7b3t_SVK_A,P08581,/mnt/nas/research-data/luwei/dynamicbind_data/database/wholePDB_v3//pocket_aligned_fill_missing/P08581/7b3t_SVK_A_aligned_to_P08581_refined.pdb,/mnt/nas/research-data/luwei/dynamicbind_data/database/wholePDB_v3//pocket_aligned_fill_missing/P08581/7b3t_SVK_A.sdf,/mnt/nas/research-data/luwei/dynamicbind_data/database/wholePDB_v3//pocket_aligned_fill_missing/P08581/af2_7b3t_SVK_A_aligned.pdb,8.092437,8.361381,0.379965012116172,0.8083,0.4581,0.87819,6.599918753014598,261,-22,7b3t,2020-12-09,642,519,910,1353,2,SVK,c1ccc(Cc2c[nH]c3ncccc23)cc1,208.264,16,Kinase,Kinase,protein kinase superfamily. Tyr protein kinase family,/mnt/nas/research-data/luwei/dynamicbind_data/database/wholePDB_v3//pocket_aligned_fill_missing/P08581/af2_7b3t_SVK_A_aligned.pdb,MET_HUMAN,0.92226148409894,283,283,261,LVQAVQHVVIGPSSLIVHFNEVIGRGHFGCVYHGTLLDNDGKKIHCAVKSLNRITDIGEVSQFLTEGIIMKDFSHPNVLSLLGICLRSEGSPLVVLPYMKHGDLRNFIRNETHNPTVKDLIGFGLQVAKGMKYLASKKFVHRDLAARNCMLDEKFTVKVADFGLARDMYDKEYYSVHNKTGAKLPVKWMALESLQTQKFTTKSDVWSFGVLLWELMTRGAPPYPDVNTFDITVYLLQGRRLLQPEYCPDPLYEVMLKCWHPKAEMRPSFSELVSRISAIFSTF,LVQAVQHVVIGPSSLIVHFNEVIGRGHFGCVYHGTLLDNDGKKIHCAVKSL----------QFLTEGIIMKDFSHPNVLSLLGICL----SPLVVLPYMKHGDLRNFIRNETHNPTVKDLIGFGLQVAKGMKYLASKKFVHRDLAARNCMLDEKFTVKVADFGLARDMYDKEYYS--------LPVKWMALESLQTQKFTTKSDVWSFGVLLWELMTRGAPPYPDVNTFDITVYLLQGRRLLQPEYCPDPLYEVMLKCWHPKAEMRPSFSELVSRISAIFSTF,1061,1344,MKAPAVLAPGILVLLFTLVQRSNGECKEALAKSEMNVNMKYQLPNFTAETPIQNVILHEHHIFLGATNYIYVLNEEDLQKVAEYKTGPVLEHPDCFPCQDCSSKANLSGGVWKDNINMALVVDTYYDDQLISCGSVNRGTCQRHVFPHNHTADIQSEVHCIFSPQIEEPSQCPDCVVSALGAKVLSSVKDRFINFFVGNTINSSYFPDHPLHSISVRRLKETKDGFMFLTDQSYIDVLPEFRDSYPIKYVHAFESNNFIYFLTVQRETLDAQTFHTRIIRFCSINSGLHSYMEMPLECILTEKRKKRSTKKEVFNILQAAYVSKPGAQLARQIGASLNDDILFGVFAQSKPDSAEPMDRSAMCAFPIKYVNDFFNKIVNKNNVRCLQHFYGPNHEHCFNRTLLRNSSGCEARRDEYRTEFTTALQRVDLFMGQFSEVLLTSISTFIKGDLTIANLGTSEGRFMQVVVSRSGPSTPHVNFLLDSHPVSPEVIVEHTLNQNGYTLVITGKKITKIPLNGLGCRHFQSCSQCLSAPPFVQCGWCHDKCVRSEECLSGTWTQQICLPAIYKVFPNSAPLEGGTRLTICGWDFGFRRNNKFDLKKTRVLLGNESCTLTLSESTMNTLKCTVGPAMNKHFNMSIIISNGHGTTQYSTFSYVDPVITSISPKYGPMAGGTLLTLTGNYLNSGNSRHISIGGKTCTLKSVSNSILECYTPAQTISTEFAVKLKIDLANRETSIFSYREDPIVYEIHPTKSFISGGSTITGVGKNLNSVSVPRMVINVHEAGRNFTVACQHRSNSEIICCTTPSLQQLNLQLPLKTKAFFMLDGILSKYFDLIYVHNPVFKPFEKPVMISMGNENVLEIKGNDIDPEAVKGEVLKVGNKSCENIHLHSEAVLCTVPNDLLKLNSELNIEWKQAISSTVLGKVIVQPDQNFTGLIAGVVSISTALLLLLGFFLWLKKRKQIKDLGSELVRYDARVHTPHLDRLVSARSVSPTTEMVSNESVDYRATFPEDQFPNSSQNGSCRQVQYPLTDMSPILTSGDSDISSPLLQNTVHIDLSALNPELVQAVQHVVIGPSSLIVHFNEVIGRGHFGCVYHGTLLDNDGKKIHCAVKSLNRITDIGEVSQFLTEGIIMKDFSHPNVLSLLGICLRSEGSPLVVLPYMKHGDLRNFIRNETHNPTVKDLIGFGLQVAKGMKYLASKKFVHRDLAARNCMLDEKFTVKVADFGLARDMYDKEYYSVHNKTGAKLPVKWMALESLQTQKFTTKSDVWSFGVLLWELMTRGAPPYPDVNTFDITVYLLQGRRLLQPEYCPDPLYEVMLKCWHPKAEMRPSFSELVSRISAIFSTFIGEHYVHVNATYVNVKCVAPYPSLLSSEDNADDEVDTRPASFWETS,-0.0,0000000000000000000000000000000000000000000000000001111111111000000000000000000000000011110000000000000000000000000000000000000000000000000000000000000000000000000000000000000111111110000000000000000000000000000000000000000000000000000000000000000000000000000000000000000000000000000,0.5298379129185519,24,63,7.8846917,8.361381,0.379965012116172,0.8282,0.4581,2020,33488978,6.0,P08581_SVK,7b3t_SVK_A,/mnt/nas/research-data/luwei/dynamicbind_data/database/wholePDB_v3//pocket_aligned_fill_missing/P08581/af2_7b3t_SVK_A_aligned.pdb,/mnt/nas/research-data/luwei/dynamicbind_data/database/wholePDB_v3//pocket_aligned_fill_missing/P08581/7b3t_SVK_A.sdf,/mnt/nas/research-data/luwei/dynamicbind_data/database/wholePDB_v3//pocket_aligned_fill_missing/P08581/af2_7b3t_SVK_A_aligned.pdb
7b3v_SWB_A,7b3v_A,7b3v_SWB_A,P08581,/mnt/nas/research-data/luwei/dynamicbind_data/database/wholePDB_v3//pocket_aligned_fill_missing/P08581/7b3v_SWB_A_aligned_to_P08581_refined.pdb,/mnt/nas/research-data/luwei/dynamicbind_data/database/wholePDB_v3//pocket_aligned_fill_missing/P08581/7b3v_SWB_A.sdf,/mnt/nas/research-data/luwei/dynamicbind_data/database/wholePDB_v3//pocket_aligned_fill_missing/P08581/af2_7b3v_SWB_A_aligned.pdb,6.4610705,6.3214593,0.4323564505772898,0.8069,0.8054,0.86584,5.231872539649553,274,-14,7b3v,2020-12-09,642,519,910,1353,2,SWB,Cc1c[nH]c2ncc(-c3c[nH]c4c3CNC4=O)cc12,252.277,19,Kinase,Kinase,protein kinase superfamily. Tyr protein kinase family,/mnt/nas/research-data/luwei/dynamicbind_data/database/wholePDB_v3//pocket_aligned_fill_missing/P08581/af2_7b3v_SWB_A_aligned.pdb,MET_HUMAN,0.9513888888888888,288,288,274,ALNPELVQAVQHVVIGPSSLIVHFNEVIGRGHFGCVYHGTLLDNDGKKIHCAVKSLNRITDIGEVSQFLTEGIIMKDFSHPNVLSLLGICLRSEGSPLVVLPYMKHGDLRNFIRNETHNPTVKDLIGFGLQVAKGMKYLASKKFVHRDLAARNCMLDEKFTVKVADFGLARDMYDKEYYSVHNKTGAKLPVKWMALESLQTQKFTTKSDVWSFGVLLWELMTRGAPPYPDVNTFDITVYLLQGRRLLQPEYCPDPLYEVMLKCWHPKAEMRPSFSELVSRISAIFSTF,ALNPELVQAVQHVVIGPSSLIVHFNEVIGRGHFGCVYHGTLLDNDGKKIHCAVKSLNRITDIGEVSQFLTEGIIMKDFSHPNVLSLLGICLRSEGSPLVVLPYMKHGDLRNFIRNETHNPTVKDLIGFGLQVAKGMKYLASKKFVHRDLAARNCMLDEKFTVKVADFGLARDMY--------------LPVKWMALESLQTQKFTTKSDVWSFGVLLWELMTRGAPPYPDVNTFDITVYLLQGRRLLQPEYCPDPLYEVMLKCWHPKAEMRPSFSELVSRISAIFSTF,1056,1344,MKAPAVLAPGILVLLFTLVQRSNGECKEALAKSEMNVNMKYQLPNFTAETPIQNVILHEHHIFLGATNYIYVLNEEDLQKVAEYKTGPVLEHPDCFPCQDCSSKANLSGGVWKDNINMALVVDTYYDDQLISCGSVNRGTCQRHVFPHNHTADIQSEVHCIFSPQIEEPSQCPDCVVSALGAKVLSSVKDRFINFFVGNTINSSYFPDHPLHSISVRRLKETKDGFMFLTDQSYIDVLPEFRDSYPIKYVHAFESNNFIYFLTVQRETLDAQTFHTRIIRFCSINSGLHSYMEMPLECILTEKRKKRSTKKEVFNILQAAYVSKPGAQLARQIGASLNDDILFGVFAQSKPDSAEPMDRSAMCAFPIKYVNDFFNKIVNKNNVRCLQHFYGPNHEHCFNRTLLRNSSGCEARRDEYRTEFTTALQRVDLFMGQFSEVLLTSISTFIKGDLTIANLGTSEGRFMQVVVSRSGPSTPHVNFLLDSHPVSPEVIVEHTLNQNGYTLVITGKKITKIPLNGLGCRHFQSCSQCLSAPPFVQCGWCHDKCVRSEECLSGTWTQQICLPAIYKVFPNSAPLEGGTRLTICGWDFGFRRNNKFDLKKTRVLLGNESCTLTLSESTMNTLKCTVGPAMNKHFNMSIIISNGHGTTQYSTFSYVDPVITSISPKYGPMAGGTLLTLTGNYLNSGNSRHISIGGKTCTLKSVSNSILECYTPAQTISTEFAVKLKIDLANRETSIFSYREDPIVYEIHPTKSFISGGSTITGVGKNLNSVSVPRMVINVHEAGRNFTVACQHRSNSEIICCTTPSLQQLNLQLPLKTKAFFMLDGILSKYFDLIYVHNPVFKPFEKPVMISMGNENVLEIKGNDIDPEAVKGEVLKVGNKSCENIHLHSEAVLCTVPNDLLKLNSELNIEWKQAISSTVLGKVIVQPDQNFTGLIAGVVSISTALLLLLGFFLWLKKRKQIKDLGSELVRYDARVHTPHLDRLVSARSVSPTTEMVSNESVDYRATFPEDQFPNSSQNGSCRQVQYPLTDMSPILTSGDSDISSPLLQNTVHIDLSALNPELVQAVQHVVIGPSSLIVHFNEVIGRGHFGCVYHGTLLDNDGKKIHCAVKSLNRITDIGEVSQFLTEGIIMKDFSHPNVLSLLGICLRSEGSPLVVLPYMKHGDLRNFIRNETHNPTVKDLIGFGLQVAKGMKYLASKKFVHRDLAARNCMLDEKFTVKVADFGLARDMYDKEYYSVHNKTGAKLPVKWMALESLQTQKFTTKSDVWSFGVLLWELMTRGAPPYPDVNTFDITVYLLQGRRLLQPEYCPDPLYEVMLKCWHPKAEMRPSFSELVSRISAIFSTFIGEHYVHVNATYVNVKCVAPYPSLLSSEDNADDEVDTRPASFWETS,0.0,000000000000000000000000000000000000000000000000000000000000000000000000000000000000000000000000000000000000000000000000000000000000000000000000000000000000000000000000000000111111111111110000000000000000000000000000000000000000000000000000000000000000000000000000000000000000000000000000,0.6304041695118137,17,53,5.864272,6.3214593,0.4323564505772898,0.8371,0.8054,2020,33488978,6.0,P08581_SWB,7b3v_SWB_A,/mnt/nas/research-data/luwei/dynamicbind_data/database/wholePDB_v3//pocket_aligned_fill_missing/P08581/af2_7b3v_SWB_A_aligned.pdb,/mnt/nas/research-data/luwei/dynamicbind_data/database/wholePDB_v3//pocket_aligned_fill_missing/P08581/7b3v_SWB_A.sdf,/mnt/nas/research-data/luwei/dynamicbind_data/database/wholePDB_v3//pocket_aligned_fill_missing/P08581/af2_7b3v_SWB_A_aligned.pdb
7b3w_SVH_A,7b3w_A,7b3w_SVH_A,P08581,/mnt/nas/research-data/luwei/dynamicbind_data/database/wholePDB_v3//pocket_aligned_fill_missing/P08581/7b3w_SVH_A_aligned_to_P08581_refined.pdb,/mnt/nas/research-data/luwei/dynamicbind_data/database/wholePDB_v3//pocket_aligned_fill_missing/P08581/7b3w_SVH_A.sdf,/mnt/nas/research-data/luwei/dynamicbind_data/database/wholePDB_v3//pocket_aligned_fill_missing/P08581/af2_7b3w_SVH_A_aligned.pdb,5.918102,9.734495,0.4317896904672492,0.784,0.8587,0.8994,6.104131191960052,259,-19,7b3w,2020-12-09,642,519,910,1353,2,SVH,O=C1NCc2c(-c3cc(F)cc4[nH]ncc34)c[nH]c21,256.24,19,Kinase,Kinase,protein kinase superfamily. Tyr protein kinase family,/mnt/nas/research-data/luwei/dynamicbind_data/database/wholePDB_v3//pocket_aligned_fill_missing/P08581/af2_7b3w_SVH_A_aligned.pdb,MET_HUMAN,0.9316546762589928,278,278,259,QHVVIGPSSLIVHFNEVIGRGHFGCVYHGTLLDNDGKKIHCAVKSLNRITDIGEVSQFLTEGIIMKDFSHPNVLSLLGICLRSEGSPLVVLPYMKHGDLRNFIRNETHNPTVKDLIGFGLQVAKGMKYLASKKFVHRDLAARNCMLDEKFTVKVADFGLARDMYDKEYYSVHNKTGAKLPVKWMALESLQTQKFTTKSDVWSFGVLLWELMTRGAPPYPDVNTFDITVYLLQGRRLLQPEYCPDPLYEVMLKCWHPKAEMRPSFSELVSRISAIFSTF,QHVVIGPSSLIVHFNEVIGRGHFGCVYHGTLL--DGKKIHCAVKSLNR--------------IIMKDFSHPNVLSLLGICLRS---PLVVLPYMKHGDLRNFIRNETHNPTVKDLIGFGLQVAKGMKYLASKKFVHRDLAARNCMLDEKFTVKVADFGLARDMYDKEYYSVHNKTGAKLPVKWMALESLQTQKFTTKSDVWSFGVLLWELMTRGAPPYPDVNTFDITVYLLQGRRLLQPEYCPDPLYEVMLKCWHPKAEMRPSFSELVSRISAIFSTF,1066,1344,MKAPAVLAPGILVLLFTLVQRSNGECKEALAKSEMNVNMKYQLPNFTAETPIQNVILHEHHIFLGATNYIYVLNEEDLQKVAEYKTGPVLEHPDCFPCQDCSSKANLSGGVWKDNINMALVVDTYYDDQLISCGSVNRGTCQRHVFPHNHTADIQSEVHCIFSPQIEEPSQCPDCVVSALGAKVLSSVKDRFINFFVGNTINSSYFPDHPLHSISVRRLKETKDGFMFLTDQSYIDVLPEFRDSYPIKYVHAFESNNFIYFLTVQRETLDAQTFHTRIIRFCSINSGLHSYMEMPLECILTEKRKKRSTKKEVFNILQAAYVSKPGAQLARQIGASLNDDILFGVFAQSKPDSAEPMDRSAMCAFPIKYVNDFFNKIVNKNNVRCLQHFYGPNHEHCFNRTLLRNSSGCEARRDEYRTEFTTALQRVDLFMGQFSEVLLTSISTFIKGDLTIANLGTSEGRFMQVVVSRSGPSTPHVNFLLDSHPVSPEVIVEHTLNQNGYTLVITGKKITKIPLNGLGCRHFQSCSQCLSAPPFVQCGWCHDKCVRSEECLSGTWTQQICLPAIYKVFPNSAPLEGGTRLTICGWDFGFRRNNKFDLKKTRVLLGNESCTLTLSESTMNTLKCTVGPAMNKHFNMSIIISNGHGTTQYSTFSYVDPVITSISPKYGPMAGGTLLTLTGNYLNSGNSRHISIGGKTCTLKSVSNSILECYTPAQTISTEFAVKLKIDLANRETSIFSYREDPIVYEIHPTKSFISGGSTITGVGKNLNSVSVPRMVINVHEAGRNFTVACQHRSNSEIICCTTPSLQQLNLQLPLKTKAFFMLDGILSKYFDLIYVHNPVFKPFEKPVMISMGNENVLEIKGNDIDPEAVKGEVLKVGNKSCENIHLHSEAVLCTVPNDLLKLNSELNIEWKQAISSTVLGKVIVQPDQNFTGLIAGVVSISTALLLLLGFFLWLKKRKQIKDLGSELVRYDARVHTPHLDRLVSARSVSPTTEMVSNESVDYRATFPEDQFPNSSQNGSCRQVQYPLTDMSPILTSGDSDISSPLLQNTVHIDLSALNPELVQAVQHVVIGPSSLIVHFNEVIGRGHFGCVYHGTLLDNDGKKIHCAVKSLNRITDIGEVSQFLTEGIIMKDFSHPNVLSLLGICLRSEGSPLVVLPYMKHGDLRNFIRNETHNPTVKDLIGFGLQVAKGMKYLASKKFVHRDLAARNCMLDEKFTVKVADFGLARDMYDKEYYSVHNKTGAKLPVKWMALESLQTQKFTTKSDVWSFGVLLWELMTRGAPPYPDVNTFDITVYLLQGRRLLQPEYCPDPLYEVMLKCWHPKAEMRPSFSELVSRISAIFSTFIGEHYVHVNATYVNVKCVAPYPSLLSSEDNADDEVDTRPASFWETS,0.0,00000000000000000000000000000000110000000000000011111111111111000000000000000000000111000000000000000000000000000000000000000000000000000000000000000000000000000000000000000000000000000000000000000000000000000000000000000000000000000000000000000000000000000000000000000000000000,0.5200836215230984,25,51,5.919387,9.734495,0.4317896904672492,0.8154,0.8587,2020,33488978,6.0,P08581_SVH,7b3w_SVH_A,/mnt/nas/research-data/luwei/dynamicbind_data/database/wholePDB_v3//pocket_aligned_fill_missing/P08581/af2_7b3w_SVH_A_aligned.pdb,/mnt/nas/research-data/luwei/dynamicbind_data/database/wholePDB_v3//pocket_aligned_fill_missing/P08581/7b3w_SVH_A.sdf,/mnt/nas/research-data/luwei/dynamicbind_data/database/wholePDB_v3//pocket_aligned_fill_missing/P08581/af2_7b3w_SVH_A_aligned.pdb
7b3z_SV8_A,7b3z_A,7b3z_SV8_A,P08581,/mnt/nas/research-data/luwei/dynamicbind_data/database/wholePDB_v3//pocket_aligned_fill_missing/P08581/7b3z_SV8_A_aligned_to_P08581_refined.pdb,/mnt/nas/research-data/luwei/dynamicbind_data/database/wholePDB_v3//pocket_aligned_fill_missing/P08581/7b3z_SV8_A.sdf,/mnt/nas/research-data/luwei/dynamicbind_data/database/wholePDB_v3//pocket_aligned_fill_missing/P08581/af2_7b3z_SV8_A_aligned.pdb,8.295073,6.6468554,0.4667135889018245,0.8126,0.6518,0.85593,6.586938058594256,277,-13,7b3z,2020-12-09,642,519,910,1353,2,SV8,O=C1NCc2c(-c3cnc4[nH]cc(Cc5ccccc5)c4c3)c[nH]c21,328.375,25,Kinase,Kinase,protein kinase superfamily. Tyr protein kinase family,/mnt/nas/research-data/luwei/dynamicbind_data/database/wholePDB_v3//pocket_aligned_fill_missing/P08581/af2_7b3z_SV8_A_aligned.pdb,MET_HUMAN,0.9551724137931036,290,290,277,LSALNPELVQAVQHVVIGPSSLIVHFNEVIGRGHFGCVYHGTLLDNDGKKIHCAVKSLNRITDIGEVSQFLTEGIIMKDFSHPNVLSLLGICLRSEGSPLVVLPYMKHGDLRNFIRNETHNPTVKDLIGFGLQVAKGMKYLASKKFVHRDLAARNCMLDEKFTVKVADFGLARDMYDKEYYSVHNKTGAKLPVKWMALESLQTQKFTTKSDVWSFGVLLWELMTRGAPPYPDVNTFDITVYLLQGRRLLQPEYCPDPLYEVMLKCWHPKAEMRPSFSELVSRISAIFSTF,LSALNPELVQAVQHVVIGPSSLIVHFNEVIGRGHFGCVYHGTLLDNDGKKIHCAVKSLNRITDIGEVSQFLTEGIIMKDFSHPNVLSLLGICL---GSPLVVLPYMKHGDLRNFIRNETHNPTVKDLIGFGLQVAKGMKYLASKKFVHRDLAARNCMLDEKFTVKVADFGLARDMYDKEYY----------PVKWMALESLQTQKFTTKSDVWSFGVLLWELMTRGAPPYPDVNTFDITVYLLQGRRLLQPEYCPDPLYEVMLKCWHPKAEMRPSFSELVSRISAIFSTF,1054,1344,MKAPAVLAPGILVLLFTLVQRSNGECKEALAKSEMNVNMKYQLPNFTAETPIQNVILHEHHIFLGATNYIYVLNEEDLQKVAEYKTGPVLEHPDCFPCQDCSSKANLSGGVWKDNINMALVVDTYYDDQLISCGSVNRGTCQRHVFPHNHTADIQSEVHCIFSPQIEEPSQCPDCVVSALGAKVLSSVKDRFINFFVGNTINSSYFPDHPLHSISVRRLKETKDGFMFLTDQSYIDVLPEFRDSYPIKYVHAFESNNFIYFLTVQRETLDAQTFHTRIIRFCSINSGLHSYMEMPLECILTEKRKKRSTKKEVFNILQAAYVSKPGAQLARQIGASLNDDILFGVFAQSKPDSAEPMDRSAMCAFPIKYVNDFFNKIVNKNNVRCLQHFYGPNHEHCFNRTLLRNSSGCEARRDEYRTEFTTALQRVDLFMGQFSEVLLTSISTFIKGDLTIANLGTSEGRFMQVVVSRSGPSTPHVNFLLDSHPVSPEVIVEHTLNQNGYTLVITGKKITKIPLNGLGCRHFQSCSQCLSAPPFVQCGWCHDKCVRSEECLSGTWTQQICLPAIYKVFPNSAPLEGGTRLTICGWDFGFRRNNKFDLKKTRVLLGNESCTLTLSESTMNTLKCTVGPAMNKHFNMSIIISNGHGTTQYSTFSYVDPVITSISPKYGPMAGGTLLTLTGNYLNSGNSRHISIGGKTCTLKSVSNSILECYTPAQTISTEFAVKLKIDLANRETSIFSYREDPIVYEIHPTKSFISGGSTITGVGKNLNSVSVPRMVINVHEAGRNFTVACQHRSNSEIICCTTPSLQQLNLQLPLKTKAFFMLDGILSKYFDLIYVHNPVFKPFEKPVMISMGNENVLEIKGNDIDPEAVKGEVLKVGNKSCENIHLHSEAVLCTVPNDLLKLNSELNIEWKQAISSTVLGKVIVQPDQNFTGLIAGVVSISTALLLLLGFFLWLKKRKQIKDLGSELVRYDARVHTPHLDRLVSARSVSPTTEMVSNESVDYRATFPEDQFPNSSQNGSCRQVQYPLTDMSPILTSGDSDISSPLLQNTVHIDLSALNPELVQAVQHVVIGPSSLIVHFNEVIGRGHFGCVYHGTLLDNDGKKIHCAVKSLNRITDIGEVSQFLTEGIIMKDFSHPNVLSLLGICLRSEGSPLVVLPYMKHGDLRNFIRNETHNPTVKDLIGFGLQVAKGMKYLASKKFVHRDLAARNCMLDEKFTVKVADFGLARDMYDKEYYSVHNKTGAKLPVKWMALESLQTQKFTTKSDVWSFGVLLWELMTRGAPPYPDVNTFDITVYLLQGRRLLQPEYCPDPLYEVMLKCWHPKAEMRPSFSELVSRISAIFSTFIGEHYVHVNATYVNVKCVAPYPSLLSSEDNADDEVDTRPASFWETS,-0.0,00000000000000000000000000000000000000000000000000000000000000000000000000000000000000000000011100000000000000000000000000000000000000000000000000000000000000000000000000000000000001111111111000000000000000000000000000000000000000000000000000000000000000000000000000000000000000000000000000,0.5425461503696882,32,81,8.108403,6.6468554,0.4667135889018245,0.8233,0.6518,2020,33488978,6.0,P08581_SV8,7b3z_SV8_A,/mnt/nas/research-data/luwei/dynamicbind_data/database/wholePDB_v3//pocket_aligned_fill_missing/P08581/af2_7b3z_SV8_A_aligned.pdb,/mnt/nas/research-data/luwei/dynamicbind_data/database/wholePDB_v3//pocket_aligned_fill_missing/P08581/7b3z_SV8_A.sdf,/mnt/nas/research-data/luwei/dynamicbind_data/database/wholePDB_v3//pocket_aligned_fill_missing/P08581/af2_7b3z_SV8_A_aligned.pdb
7b40_SWN_A,7b40_A,7b40_SWN_A,P08581,/mnt/nas/research-data/luwei/dynamicbind_data/database/wholePDB_v3//pocket_aligned_fill_missing/P08581/7b40_SWN_A_aligned_to_P08581_refined.pdb,/mnt/nas/research-data/luwei/dynamicbind_data/database/wholePDB_v3//pocket_aligned_fill_missing/P08581/7b40_SWN_A.sdf,/mnt/nas/research-data/luwei/dynamicbind_data/database/wholePDB_v3//pocket_aligned_fill_missing/P08581/af2_7b40_SWN_A_aligned.pdb,8.465208,7.1418953,0.3911251096217333,0.8089,0.6014,0.85388,6.569097492350734,279,-13,7b40,2020-12-09,642,519,910,1353,2,SWN,c1ccc(Cc2c[nH]c3ncc(-c4cnn(C5CCNCC5)c4)cc23)cc1,357.461,27,Kinase,Kinase,protein kinase superfamily. Tyr protein kinase family,/mnt/nas/research-data/luwei/dynamicbind_data/database/wholePDB_v3//pocket_aligned_fill_missing/P08581/af2_7b40_SWN_A_aligned.pdb,MET_HUMAN,0.9554794520547946,292,292,279,LSALNPELVQAVQHVVIGPSSLIVHFNEVIGRGHFGCVYHGTLLDNDGKKIHCAVKSLNRITDIGEVSQFLTEGIIMKDFSHPNVLSLLGICLRSEGSPLVVLPYMKHGDLRNFIRNETHNPTVKDLIGFGLQVAKGMKYLASKKFVHRDLAARNCMLDEKFTVKVADFGLARDMYDKEYYSVHNKTGAKLPVKWMALESLQTQKFTTKSDVWSFGVLLWELMTRGAPPYPDVNTFDITVYLLQGRRLLQPEYCPDPLYEVMLKCWHPKAEMRPSFSELVSRISAIFSTFIG,LSALNPELVQAVQHVVIGPSSLIVHFNEVIGRGHFGCVYHGTLLDNDGKKIHCAVKSLNRITDIGEVSQFLTEGIIMKDFSHPNVLSLLGICL---GSPLVVLPYMKHGDLRNFIRNETHNPTVKDLIGFGLQVAKGMKYLASKKFVHRDLAARNCMLDEKFTVKVADFGLARDMYDKEYY----------PVKWMALESLQTQKFTTKSDVWSFGVLLWELMTRGAPPYPDVNTFDITVYLLQGRRLLQPEYCPDPLYEVMLKCWHPKAEMRPSFSELVSRISAIFSTFIG,1054,1346,MKAPAVLAPGILVLLFTLVQRSNGECKEALAKSEMNVNMKYQLPNFTAETPIQNVILHEHHIFLGATNYIYVLNEEDLQKVAEYKTGPVLEHPDCFPCQDCSSKANLSGGVWKDNINMALVVDTYYDDQLISCGSVNRGTCQRHVFPHNHTADIQSEVHCIFSPQIEEPSQCPDCVVSALGAKVLSSVKDRFINFFVGNTINSSYFPDHPLHSISVRRLKETKDGFMFLTDQSYIDVLPEFRDSYPIKYVHAFESNNFIYFLTVQRETLDAQTFHTRIIRFCSINSGLHSYMEMPLECILTEKRKKRSTKKEVFNILQAAYVSKPGAQLARQIGASLNDDILFGVFAQSKPDSAEPMDRSAMCAFPIKYVNDFFNKIVNKNNVRCLQHFYGPNHEHCFNRTLLRNSSGCEARRDEYRTEFTTALQRVDLFMGQFSEVLLTSISTFIKGDLTIANLGTSEGRFMQVVVSRSGPSTPHVNFLLDSHPVSPEVIVEHTLNQNGYTLVITGKKITKIPLNGLGCRHFQSCSQCLSAPPFVQCGWCHDKCVRSEECLSGTWTQQICLPAIYKVFPNSAPLEGGTRLTICGWDFGFRRNNKFDLKKTRVLLGNESCTLTLSESTMNTLKCTVGPAMNKHFNMSIIISNGHGTTQYSTFSYVDPVITSISPKYGPMAGGTLLTLTGNYLNSGNSRHISIGGKTCTLKSVSNSILECYTPAQTISTEFAVKLKIDLANRETSIFSYREDPIVYEIHPTKSFISGGSTITGVGKNLNSVSVPRMVINVHEAGRNFTVACQHRSNSEIICCTTPSLQQLNLQLPLKTKAFFMLDGILSKYFDLIYVHNPVFKPFEKPVMISMGNENVLEIKGNDIDPEAVKGEVLKVGNKSCENIHLHSEAVLCTVPNDLLKLNSELNIEWKQAISSTVLGKVIVQPDQNFTGLIAGVVSISTALLLLLGFFLWLKKRKQIKDLGSELVRYDARVHTPHLDRLVSARSVSPTTEMVSNESVDYRATFPEDQFPNSSQNGSCRQVQYPLTDMSPILTSGDSDISSPLLQNTVHIDLSALNPELVQAVQHVVIGPSSLIVHFNEVIGRGHFGCVYHGTLLDNDGKKIHCAVKSLNRITDIGEVSQFLTEGIIMKDFSHPNVLSLLGICLRSEGSPLVVLPYMKHGDLRNFIRNETHNPTVKDLIGFGLQVAKGMKYLASKKFVHRDLAARNCMLDEKFTVKVADFGLARDMYDKEYYSVHNKTGAKLPVKWMALESLQTQKFTTKSDVWSFGVLLWELMTRGAPPYPDVNTFDITVYLLQGRRLLQPEYCPDPLYEVMLKCWHPKAEMRPSFSELVSRISAIFSTFIGEHYVHVNATYVNVKCVAPYPSLLSSEDNADDEVDTRPASFWETS,-0.0,0000000000000000000000000000000000000000000000000000000000000000000000000000000000000000000001110000000000000000000000000000000000000000000000000000000000000000000000000000000000000111111111100000000000000000000000000000000000000000000000000000000000000000000000000000000000000000000000000000,0.5930583446892782,24,81,8.328212,7.1418953,0.3911251096217333,0.8199,0.6014,2020,33488978,6.0,P08581_SWN,7b40_SWN_A,/mnt/nas/research-data/luwei/dynamicbind_data/database/wholePDB_v3//pocket_aligned_fill_missing/P08581/af2_7b40_SWN_A_aligned.pdb,/mnt/nas/research-data/luwei/dynamicbind_data/database/wholePDB_v3//pocket_aligned_fill_missing/P08581/7b40_SWN_A.sdf,/mnt/nas/research-data/luwei/dynamicbind_data/database/wholePDB_v3//pocket_aligned_fill_missing/P08581/af2_7b40_SWN_A_aligned.pdb
7b41_SWK_A,7b41_A,7b41_SWK_A,P08581,/mnt/nas/research-data/luwei/dynamicbind_data/database/wholePDB_v3//pocket_aligned_fill_missing/P08581/7b41_SWK_A_aligned_to_P08581_refined.pdb,/mnt/nas/research-data/luwei/dynamicbind_data/database/wholePDB_v3//pocket_aligned_fill_missing/P08581/7b41_SWK_A.sdf,/mnt/nas/research-data/luwei/dynamicbind_data/database/wholePDB_v3//pocket_aligned_fill_missing/P08581/af2_7b41_SWK_A_aligned.pdb,8.521279,7.075446,0.3279292052876431,0.8109,0.6454,0.86169,6.534199477340889,281,-11,7b41,2020-12-09,642,519,910,1353,2,SWK,Fc1ccccc1Cc1c[nH]c2ncc(-c3cnn(C4CCNCC4)c3)cc12,375.451,28,Kinase,Kinase,protein kinase superfamily. Tyr protein kinase family,/mnt/nas/research-data/luwei/dynamicbind_data/database/wholePDB_v3//pocket_aligned_fill_missing/P08581/af2_7b41_SWK_A_aligned.pdb,MET_HUMAN,0.9623287671232876,292,292,281,LSALNPELVQAVQHVVIGPSSLIVHFNEVIGRGHFGCVYHGTLLDNDGKKIHCAVKSLNRITDIGEVSQFLTEGIIMKDFSHPNVLSLLGICLRSEGSPLVVLPYMKHGDLRNFIRNETHNPTVKDLIGFGLQVAKGMKYLASKKFVHRDLAARNCMLDEKFTVKVADFGLARDMYDKEYYSVHNKTGAKLPVKWMALESLQTQKFTTKSDVWSFGVLLWELMTRGAPPYPDVNTFDITVYLLQGRRLLQPEYCPDPLYEVMLKCWHPKAEMRPSFSELVSRISAIFSTFIG,LSALNPELVQAVQHVVIGPSSLIVHFNEVIGRGHFGCVYHGTLLDNDGKKIHCAVKSLNRITDIGEVSQFLTEGIIMKDFSHPNVLSLLGICL---GSPLVVLPYMKHGDLRNFIRNETHNPTVKDLIGFGLQVAKGMKYLASKKFVHRDLAARNCMLDEKFTVKVADFGLARDMYDKEYYS--------LPVKWMALESLQTQKFTTKSDVWSFGVLLWELMTRGAPPYPDVNTFDITVYLLQGRRLLQPEYCPDPLYEVMLKCWHPKAEMRPSFSELVSRISAIFSTFIG,1054,1346,MKAPAVLAPGILVLLFTLVQRSNGECKEALAKSEMNVNMKYQLPNFTAETPIQNVILHEHHIFLGATNYIYVLNEEDLQKVAEYKTGPVLEHPDCFPCQDCSSKANLSGGVWKDNINMALVVDTYYDDQLISCGSVNRGTCQRHVFPHNHTADIQSEVHCIFSPQIEEPSQCPDCVVSALGAKVLSSVKDRFINFFVGNTINSSYFPDHPLHSISVRRLKETKDGFMFLTDQSYIDVLPEFRDSYPIKYVHAFESNNFIYFLTVQRETLDAQTFHTRIIRFCSINSGLHSYMEMPLECILTEKRKKRSTKKEVFNILQAAYVSKPGAQLARQIGASLNDDILFGVFAQSKPDSAEPMDRSAMCAFPIKYVNDFFNKIVNKNNVRCLQHFYGPNHEHCFNRTLLRNSSGCEARRDEYRTEFTTALQRVDLFMGQFSEVLLTSISTFIKGDLTIANLGTSEGRFMQVVVSRSGPSTPHVNFLLDSHPVSPEVIVEHTLNQNGYTLVITGKKITKIPLNGLGCRHFQSCSQCLSAPPFVQCGWCHDKCVRSEECLSGTWTQQICLPAIYKVFPNSAPLEGGTRLTICGWDFGFRRNNKFDLKKTRVLLGNESCTLTLSESTMNTLKCTVGPAMNKHFNMSIIISNGHGTTQYSTFSYVDPVITSISPKYGPMAGGTLLTLTGNYLNSGNSRHISIGGKTCTLKSVSNSILECYTPAQTISTEFAVKLKIDLANRETSIFSYREDPIVYEIHPTKSFISGGSTITGVGKNLNSVSVPRMVINVHEAGRNFTVACQHRSNSEIICCTTPSLQQLNLQLPLKTKAFFMLDGILSKYFDLIYVHNPVFKPFEKPVMISMGNENVLEIKGNDIDPEAVKGEVLKVGNKSCENIHLHSEAVLCTVPNDLLKLNSELNIEWKQAISSTVLGKVIVQPDQNFTGLIAGVVSISTALLLLLGFFLWLKKRKQIKDLGSELVRYDARVHTPHLDRLVSARSVSPTTEMVSNESVDYRATFPEDQFPNSSQNGSCRQVQYPLTDMSPILTSGDSDISSPLLQNTVHIDLSALNPELVQAVQHVVIGPSSLIVHFNEVIGRGHFGCVYHGTLLDNDGKKIHCAVKSLNRITDIGEVSQFLTEGIIMKDFSHPNVLSLLGICLRSEGSPLVVLPYMKHGDLRNFIRNETHNPTVKDLIGFGLQVAKGMKYLASKKFVHRDLAARNCMLDEKFTVKVADFGLARDMYDKEYYSVHNKTGAKLPVKWMALESLQTQKFTTKSDVWSFGVLLWELMTRGAPPYPDVNTFDITVYLLQGRRLLQPEYCPDPLYEVMLKCWHPKAEMRPSFSELVSRISAIFSTFIGEHYVHVNATYVNVKCVAPYPSLLSSEDNADDEVDTRPASFWETS,0.0,0000000000000000000000000000000000000000000000000000000000000000000000000000000000000000000001110000000000000000000000000000000000000000000000000000000000000000000000000000000000000011111111000000000000000000000000000000000000000000000000000000000000000000000000000000000000000000000000000000,0.5048514162861036,25,84,8.463288,7.075446,0.3279292052876431,0.8189,0.6454,2020,33488978,6.0,P08581_SWK,7b41_SWK_A,/mnt/nas/research-data/luwei/dynamicbind_data/database/wholePDB_v3//pocket_aligned_fill_missing/P08581/af2_7b41_SWK_A_aligned.pdb,/mnt/nas/research-data/luwei/dynamicbind_data/database/wholePDB_v3//pocket_aligned_fill_missing/P08581/7b41_SWK_A.sdf,/mnt/nas/research-data/luwei/dynamicbind_data/database/wholePDB_v3//pocket_aligned_fill_missing/P08581/af2_7b41_SWK_A_aligned.pdb
7b43_SW5_A,7b43_A,7b43_SW5_A,P08581,/mnt/nas/research-data/luwei/dynamicbind_data/database/wholePDB_v3//pocket_aligned_fill_missing/P08581/7b43_SW5_A_aligned_to_P08581_refined.pdb,/mnt/nas/research-data/luwei/dynamicbind_data/database/wholePDB_v3//pocket_aligned_fill_missing/P08581/7b43_SW5_A.sdf,/mnt/nas/research-data/luwei/dynamicbind_data/database/wholePDB_v3//pocket_aligned_fill_missing/P08581/af2_7b43_SW5_A_aligned.pdb,8.5600605,7.307916,0.3509822761789615,0.8066,0.6174,0.85679,6.518187023313348,277,-13,7b43,2020-12-09,642,519,910,1353,2,SW5,Fc1ccc(Cc2c[nH]c3ncc(-c4cnn(C5CCNCC5)c4)cc23)cc1,375.451,28,Kinase,Kinase,protein kinase superfamily. Tyr protein kinase family,/mnt/nas/research-data/luwei/dynamicbind_data/database/wholePDB_v3//pocket_aligned_fill_missing/P08581/af2_7b43_SW5_A_aligned.pdb,MET_HUMAN,0.9551724137931036,290,290,277,LSALNPELVQAVQHVVIGPSSLIVHFNEVIGRGHFGCVYHGTLLDNDGKKIHCAVKSLNRITDIGEVSQFLTEGIIMKDFSHPNVLSLLGICLRSEGSPLVVLPYMKHGDLRNFIRNETHNPTVKDLIGFGLQVAKGMKYLASKKFVHRDLAARNCMLDEKFTVKVADFGLARDMYDKEYYSVHNKTGAKLPVKWMALESLQTQKFTTKSDVWSFGVLLWELMTRGAPPYPDVNTFDITVYLLQGRRLLQPEYCPDPLYEVMLKCWHPKAEMRPSFSELVSRISAIFSTF,LSALNPELVQAVQHVVIGPSSLIVHFNEVIGRGHFGCVYHGTLLDNDGKKIHCAVKSLNRITDIGEVSQFLTEGIIMKDFSHPNVLSLLGICL---GSPLVVLPYMKHGDLRNFIRNETHNPTVKDLIGFGLQVAKGMKYLASKKFVHRDLAARNCMLDEKFTVKVADFGLARDMYDKEYY----------PVKWMALESLQTQKFTTKSDVWSFGVLLWELMTRGAPPYPDVNTFDITVYLLQGRRLLQPEYCPDPLYEVMLKCWHPKAEMRPSFSELVSRISAIFSTF,1054,1344,MKAPAVLAPGILVLLFTLVQRSNGECKEALAKSEMNVNMKYQLPNFTAETPIQNVILHEHHIFLGATNYIYVLNEEDLQKVAEYKTGPVLEHPDCFPCQDCSSKANLSGGVWKDNINMALVVDTYYDDQLISCGSVNRGTCQRHVFPHNHTADIQSEVHCIFSPQIEEPSQCPDCVVSALGAKVLSSVKDRFINFFVGNTINSSYFPDHPLHSISVRRLKETKDGFMFLTDQSYIDVLPEFRDSYPIKYVHAFESNNFIYFLTVQRETLDAQTFHTRIIRFCSINSGLHSYMEMPLECILTEKRKKRSTKKEVFNILQAAYVSKPGAQLARQIGASLNDDILFGVFAQSKPDSAEPMDRSAMCAFPIKYVNDFFNKIVNKNNVRCLQHFYGPNHEHCFNRTLLRNSSGCEARRDEYRTEFTTALQRVDLFMGQFSEVLLTSISTFIKGDLTIANLGTSEGRFMQVVVSRSGPSTPHVNFLLDSHPVSPEVIVEHTLNQNGYTLVITGKKITKIPLNGLGCRHFQSCSQCLSAPPFVQCGWCHDKCVRSEECLSGTWTQQICLPAIYKVFPNSAPLEGGTRLTICGWDFGFRRNNKFDLKKTRVLLGNESCTLTLSESTMNTLKCTVGPAMNKHFNMSIIISNGHGTTQYSTFSYVDPVITSISPKYGPMAGGTLLTLTGNYLNSGNSRHISIGGKTCTLKSVSNSILECYTPAQTISTEFAVKLKIDLANRETSIFSYREDPIVYEIHPTKSFISGGSTITGVGKNLNSVSVPRMVINVHEAGRNFTVACQHRSNSEIICCTTPSLQQLNLQLPLKTKAFFMLDGILSKYFDLIYVHNPVFKPFEKPVMISMGNENVLEIKGNDIDPEAVKGEVLKVGNKSCENIHLHSEAVLCTVPNDLLKLNSELNIEWKQAISSTVLGKVIVQPDQNFTGLIAGVVSISTALLLLLGFFLWLKKRKQIKDLGSELVRYDARVHTPHLDRLVSARSVSPTTEMVSNESVDYRATFPEDQFPNSSQNGSCRQVQYPLTDMSPILTSGDSDISSPLLQNTVHIDLSALNPELVQAVQHVVIGPSSLIVHFNEVIGRGHFGCVYHGTLLDNDGKKIHCAVKSLNRITDIGEVSQFLTEGIIMKDFSHPNVLSLLGICLRSEGSPLVVLPYMKHGDLRNFIRNETHNPTVKDLIGFGLQVAKGMKYLASKKFVHRDLAARNCMLDEKFTVKVADFGLARDMYDKEYYSVHNKTGAKLPVKWMALESLQTQKFTTKSDVWSFGVLLWELMTRGAPPYPDVNTFDITVYLLQGRRLLQPEYCPDPLYEVMLKCWHPKAEMRPSFSELVSRISAIFSTFIGEHYVHVNATYVNVKCVAPYPSLLSSEDNADDEVDTRPASFWETS,-0.0,00000000000000000000000000000000000000000000000000000000000000000000000000000000000000000000011100000000000000000000000000000000000000000000000000000000000000000000000000000000000001111111111000000000000000000000000000000000000000000000000000000000000000000000000000000000000000000000000000,0.5383338576720773,27,85,8.413361,7.307916,0.3509822761789615,0.817,0.6174,2020,33488978,6.0,P08581_SW5,7b43_SW5_A,/mnt/nas/research-data/luwei/dynamicbind_data/database/wholePDB_v3//pocket_aligned_fill_missing/P08581/af2_7b43_SW5_A_aligned.pdb,/mnt/nas/research-data/luwei/dynamicbind_data/database/wholePDB_v3//pocket_aligned_fill_missing/P08581/7b43_SW5_A.sdf,/mnt/nas/research-data/luwei/dynamicbind_data/database/wholePDB_v3//pocket_aligned_fill_missing/P08581/af2_7b43_SW5_A_aligned.pdb
7v3r_5IE_A,7v3r_A,7v3r_5IE_A,P08581,/mnt/nas/research-data/luwei/dynamicbind_data/database/wholePDB_v3//pocket_aligned_fill_missing/P08581/7v3r_5IE_A_aligned_to_P08581_refined.pdb,/mnt/nas/research-data/luwei/dynamicbind_data/database/wholePDB_v3//pocket_aligned_fill_missing/P08581/7v3r_5IE_A.sdf,/mnt/nas/research-data/luwei/dynamicbind_data/database/wholePDB_v3//pocket_aligned_fill_missing/P08581/af2_7v3r_5IE_A_aligned.pdb,5.671972,3.3639722,0.5703004545079752,0.8268,0.6429,0.91854,4.679673783269632,285,-9,7v3r,2022-08-17,642,519,910,1353,2,5IE,O=C(Nc1ccc(F)cc1)C1(C(=O)Nc2ccc(Oc3ccnc(Nc4ccccc4)n3)c(F)c2)CC1,501.49300000000017,37,Kinase,Kinase,protein kinase superfamily. Tyr protein kinase family,/mnt/nas/research-data/luwei/dynamicbind_data/database/wholePDB_v3//pocket_aligned_fill_missing/P08581/af2_7v3r_5IE_A_aligned.pdb,MET_HUMAN,0.9693877551020408,294,294,285,IDLSALNPELVQAVQHVVIGPSSLIVHFNEVIGRGHFGCVYHGTLLDNDGKKIHCAVKSLNRITDIGEVSQFLTEGIIMKDFSHPNVLSLLGICLRSEGSPLVVLPYMKHGDLRNFIRNETHNPTVKDLIGFGLQVAKGMKYLASKKFVHRDLAARNCMLDEKFTVKVADFGLARDMYDKEYYSVHNKTGAKLPVKWMALESLQTQKFTTKSDVWSFGVLLWELMTRGAPPYPDVNTFDITVYLLQGRRLLQPEYCPDPLYEVMLKCWHPKAEMRPSFSELVSRISAIFSTFIG,IDLSALNPELVQAVQHVVIGPSSLIVHFNEVIGRGHFGCVYHGTLLDNDGKKIHCAVKSLNRITDIGEVSQFLTEGIIMKDFSHPNVLSLLGICLRSEGSPLVVLPYMKHGDLRNFIRNETHNPTVKDLIGFGLQVAKGMKYLASKKFVHRDLAARNCMLDEKFTVKVADFGLARDMYDKEYYS--------LPVKWMALESLQTQKFTTKSDVWSFGVLLWELMTRGAPPYPDVNT-DITVYLLQGRRLLQPEYCPDPLYEVMLKCWHPKAEMRPSFSELVSRISAIFSTFIG,1052,1346,MKAPAVLAPGILVLLFTLVQRSNGECKEALAKSEMNVNMKYQLPNFTAETPIQNVILHEHHIFLGATNYIYVLNEEDLQKVAEYKTGPVLEHPDCFPCQDCSSKANLSGGVWKDNINMALVVDTYYDDQLISCGSVNRGTCQRHVFPHNHTADIQSEVHCIFSPQIEEPSQCPDCVVSALGAKVLSSVKDRFINFFVGNTINSSYFPDHPLHSISVRRLKETKDGFMFLTDQSYIDVLPEFRDSYPIKYVHAFESNNFIYFLTVQRETLDAQTFHTRIIRFCSINSGLHSYMEMPLECILTEKRKKRSTKKEVFNILQAAYVSKPGAQLARQIGASLNDDILFGVFAQSKPDSAEPMDRSAMCAFPIKYVNDFFNKIVNKNNVRCLQHFYGPNHEHCFNRTLLRNSSGCEARRDEYRTEFTTALQRVDLFMGQFSEVLLTSISTFIKGDLTIANLGTSEGRFMQVVVSRSGPSTPHVNFLLDSHPVSPEVIVEHTLNQNGYTLVITGKKITKIPLNGLGCRHFQSCSQCLSAPPFVQCGWCHDKCVRSEECLSGTWTQQICLPAIYKVFPNSAPLEGGTRLTICGWDFGFRRNNKFDLKKTRVLLGNESCTLTLSESTMNTLKCTVGPAMNKHFNMSIIISNGHGTTQYSTFSYVDPVITSISPKYGPMAGGTLLTLTGNYLNSGNSRHISIGGKTCTLKSVSNSILECYTPAQTISTEFAVKLKIDLANRETSIFSYREDPIVYEIHPTKSFISGGSTITGVGKNLNSVSVPRMVINVHEAGRNFTVACQHRSNSEIICCTTPSLQQLNLQLPLKTKAFFMLDGILSKYFDLIYVHNPVFKPFEKPVMISMGNENVLEIKGNDIDPEAVKGEVLKVGNKSCENIHLHSEAVLCTVPNDLLKLNSELNIEWKQAISSTVLGKVIVQPDQNFTGLIAGVVSISTALLLLLGFFLWLKKRKQIKDLGSELVRYDARVHTPHLDRLVSARSVSPTTEMVSNESVDYRATFPEDQFPNSSQNGSCRQVQYPLTDMSPILTSGDSDISSPLLQNTVHIDLSALNPELVQAVQHVVIGPSSLIVHFNEVIGRGHFGCVYHGTLLDNDGKKIHCAVKSLNRITDIGEVSQFLTEGIIMKDFSHPNVLSLLGICLRSEGSPLVVLPYMKHGDLRNFIRNETHNPTVKDLIGFGLQVAKGMKYLASKKFVHRDLAARNCMLDEKFTVKVADFGLARDMYDKEYYSVHNKTGAKLPVKWMALESLQTQKFTTKSDVWSFGVLLWELMTRGAPPYPDVNTFDITVYLLQGRRLLQPEYCPDPLYEVMLKCWHPKAEMRPSFSELVSRISAIFSTFIGEHYVHVNATYVNVKCVAPYPSLLSSEDNADDEVDTRPASFWETS,0.0,000000000000000000000000000000000000000000000000000000000000000000000000000000000000000000000000000000000000000000000000000000000000000000000000000000000000000000000000000000000000000011111111000000000000000000000000000000000000000000000100000000000000000000000000000000000000000000000000000000,0.6622270034163118,115,241,5.6852713,3.3639722,0.5703004545079752,0.8399,0.6429,2022,-1,-1.0,P08581_5IE,7v3r_5IE_A,/mnt/nas/research-data/luwei/dynamicbind_data/database/wholePDB_v3//pocket_aligned_fill_missing/P08581/af2_7v3r_5IE_A_aligned.pdb,/mnt/nas/research-data/luwei/dynamicbind_data/database/wholePDB_v3//pocket_aligned_fill_missing/P08581/7v3r_5IE_A.sdf,/mnt/nas/research-data/luwei/dynamicbind_data/database/wholePDB_v3//pocket_aligned_fill_missing/P08581/af2_7v3r_5IE_A_aligned.pdb
7v3s_5I9_A,7v3s_A,7v3s_5I9_A,P08581,/mnt/nas/research-data/luwei/dynamicbind_data/database/wholePDB_v3//pocket_aligned_fill_missing/P08581/7v3s_5I9_A_aligned_to_P08581_refined.pdb,/mnt/nas/research-data/luwei/dynamicbind_data/database/wholePDB_v3//pocket_aligned_fill_missing/P08581/7v3s_5I9_A.sdf,/mnt/nas/research-data/luwei/dynamicbind_data/database/wholePDB_v3//pocket_aligned_fill_missing/P08581/af2_7v3s_5I9_A_aligned.pdb,5.40094,6.0271916,0.6202190469160017,0.8265,0.6206,0.92544,4.574103113262044,284,-10,7v3s,2022-08-17,642,519,910,1353,2,5I9,O=C(Nc1ccc(F)cc1)C1(C(=O)Nc2ccc(Oc3ccnc4c3Oc3ccccc3N4)c(F)c2)CC1,514.488,38,Kinase,Kinase,protein kinase superfamily. Tyr protein kinase family,/mnt/nas/research-data/luwei/dynamicbind_data/database/wholePDB_v3//pocket_aligned_fill_missing/P08581/af2_7v3s_5I9_A_aligned.pdb,MET_HUMAN,0.9659863945578232,294,294,284,IDLSALNPELVQAVQHVVIGPSSLIVHFNEVIGRGHFGCVYHGTLLDNDGKKIHCAVKSLNRITDIGEVSQFLTEGIIMKDFSHPNVLSLLGICLRSEGSPLVVLPYMKHGDLRNFIRNETHNPTVKDLIGFGLQVAKGMKYLASKKFVHRDLAARNCMLDEKFTVKVADFGLARDMYDKEYYSVHNKTGAKLPVKWMALESLQTQKFTTKSDVWSFGVLLWELMTRGAPPYPDVNTFDITVYLLQGRRLLQPEYCPDPLYEVMLKCWHPKAEMRPSFSELVSRISAIFSTFIG,IDLSALNPELVQAVQHVVIGPSSLIVHFNEVIGRGHFGCVYHGTLLDNDGKKIHCAVKSLNRITDIGEVSQFLTEGIIMKDFSHPNVLSLLGICLRSEGSPLVVLPYMKHGDLRNFIRNETHNPTVKDLIGFGLQVAKGMKYLASKKFVHRDLAARNCMLDEKFTVKVADFGLARDM---EYY-------AKLPVKWMALESLQTQKFTTKSDVWSFGVLLWELMTRGAPPYPDVNTFDITVYLLQGRRLLQPEYCPDPLYEVMLKCWHPKAEMRPSFSELVSRISAIFSTFIG,1052,1346,MKAPAVLAPGILVLLFTLVQRSNGECKEALAKSEMNVNMKYQLPNFTAETPIQNVILHEHHIFLGATNYIYVLNEEDLQKVAEYKTGPVLEHPDCFPCQDCSSKANLSGGVWKDNINMALVVDTYYDDQLISCGSVNRGTCQRHVFPHNHTADIQSEVHCIFSPQIEEPSQCPDCVVSALGAKVLSSVKDRFINFFVGNTINSSYFPDHPLHSISVRRLKETKDGFMFLTDQSYIDVLPEFRDSYPIKYVHAFESNNFIYFLTVQRETLDAQTFHTRIIRFCSINSGLHSYMEMPLECILTEKRKKRSTKKEVFNILQAAYVSKPGAQLARQIGASLNDDILFGVFAQSKPDSAEPMDRSAMCAFPIKYVNDFFNKIVNKNNVRCLQHFYGPNHEHCFNRTLLRNSSGCEARRDEYRTEFTTALQRVDLFMGQFSEVLLTSISTFIKGDLTIANLGTSEGRFMQVVVSRSGPSTPHVNFLLDSHPVSPEVIVEHTLNQNGYTLVITGKKITKIPLNGLGCRHFQSCSQCLSAPPFVQCGWCHDKCVRSEECLSGTWTQQICLPAIYKVFPNSAPLEGGTRLTICGWDFGFRRNNKFDLKKTRVLLGNESCTLTLSESTMNTLKCTVGPAMNKHFNMSIIISNGHGTTQYSTFSYVDPVITSISPKYGPMAGGTLLTLTGNYLNSGNSRHISIGGKTCTLKSVSNSILECYTPAQTISTEFAVKLKIDLANRETSIFSYREDPIVYEIHPTKSFISGGSTITGVGKNLNSVSVPRMVINVHEAGRNFTVACQHRSNSEIICCTTPSLQQLNLQLPLKTKAFFMLDGILSKYFDLIYVHNPVFKPFEKPVMISMGNENVLEIKGNDIDPEAVKGEVLKVGNKSCENIHLHSEAVLCTVPNDLLKLNSELNIEWKQAISSTVLGKVIVQPDQNFTGLIAGVVSISTALLLLLGFFLWLKKRKQIKDLGSELVRYDARVHTPHLDRLVSARSVSPTTEMVSNESVDYRATFPEDQFPNSSQNGSCRQVQYPLTDMSPILTSGDSDISSPLLQNTVHIDLSALNPELVQAVQHVVIGPSSLIVHFNEVIGRGHFGCVYHGTLLDNDGKKIHCAVKSLNRITDIGEVSQFLTEGIIMKDFSHPNVLSLLGICLRSEGSPLVVLPYMKHGDLRNFIRNETHNPTVKDLIGFGLQVAKGMKYLASKKFVHRDLAARNCMLDEKFTVKVADFGLARDMYDKEYYSVHNKTGAKLPVKWMALESLQTQKFTTKSDVWSFGVLLWELMTRGAPPYPDVNTFDITVYLLQGRRLLQPEYCPDPLYEVMLKCWHPKAEMRPSFSELVSRISAIFSTFIGEHYVHVNATYVNVKCVAPYPSLLSSEDNADDEVDTRPASFWETS,-0.0,000000000000000000000000000000000000000000000000000000000000000000000000000000000000000000000000000000000000000000000000000000000000000000000000000000000000000000000000000000000111000111111100000000000000000000000000000000000000000000000000000000000000000000000000000000000000000000000000000000,0.6737484174795035,119,236,4.548348,3.002171,0.6202190469160017,0.8562,0.6206,2022,-1,-1.0,P08581_5I9,7v3s_5I9_A,/mnt/nas/research-data/luwei/dynamicbind_data/database/wholePDB_v3//pocket_aligned_fill_missing/P08581/af2_7v3s_5I9_A_aligned.pdb,/mnt/nas/research-data/luwei/dynamicbind_data/database/wholePDB_v3//pocket_aligned_fill_missing/P08581/7v3s_5I9_A.sdf,/mnt/nas/research-data/luwei/dynamicbind_data/database/wholePDB_v3//pocket_aligned_fill_missing/P08581/af2_7v3s_5I9_A_aligned.pdb
7y4t_I90_A,7y4t_A,7y4t_I90_A,P08581,/mnt/nas/research-data/luwei/dynamicbind_data/database/wholePDB_v3//pocket_aligned_fill_missing/P08581/7y4t_I90_A_aligned_to_P08581_refined.pdb,/mnt/nas/research-data/luwei/dynamicbind_data/database/wholePDB_v3//pocket_aligned_fill_missing/P08581/7y4t_I90_A.sdf,/mnt/nas/research-data/luwei/dynamicbind_data/database/wholePDB_v3//pocket_aligned_fill_missing/P08581/af2_7y4t_I90_A_aligned.pdb,6.348166,7.9011464,0.4552455396085307,0.7907,0.8672,0.90952,6.760731352365771,281,-2,7y4t,2022-11-23,642,519,910,1353,2,I90,Cn1cc(-c2cnc3ccc(CCn4nc(-c5cccc([N+](=O)[O-])c5)ccc4=O)cc3c2)cn1,452.4740000000001,34,Kinase,Kinase,protein kinase superfamily. Tyr protein kinase family,/mnt/nas/research-data/luwei/dynamicbind_data/database/wholePDB_v3//pocket_aligned_fill_missing/P08581/af2_7y4t_I90_A_aligned.pdb,MET_HUMAN,0.9929328621908128,283,283,281,VQAVQHVVIGPSSLIVHFNEVIGRGHFGCVYHGTLLDNDGKKIHCAVKSLNRITDIGEVSQFLTEGIIMKDFSHPNVLSLLGICLRSEGSPLVVLPYMKHGDLRNFIRNETHNPTVKDLIGFGLQVAKGMKYLASKKFVHRDLAARNCMLDEKFTVKVADFGLARDMYDKEYYSVHNKTGAKLPVKWMALESLQTQKFTTKSDVWSFGVLLWELMTRGAPPYPDVNTFDITVYLLQGRRLLQPEYCPDPLYEVMLKCWHPKAEMRPSFSELVSRISAIFSTFI,VQAVQHVVIGPSSLIVHFNEVIGRGHFGCVYHGTLLDNDGKKIHCAVKSLNRITDIGEVSQFLTEGIIMKDFSHPNVLSLLGICLR--GSPLVVLPYMKHGDLRNFIRNETHNPTVKDLIGFGLQVAKGMKYLASKKFVHRDLAARNCMLDEKFTVKVADFGLARDMYDKEYYSVHNKTGAKLPVKWMALESLQTQKFTTKSDVWSFGVLLWELMTRGAPPYPDVNTFDITVYLLQGRRLLQPEYCPDPLYEVMLKCWHPKAEMRPSFSELVSRISAIFSTFI,1062,1345,MKAPAVLAPGILVLLFTLVQRSNGECKEALAKSEMNVNMKYQLPNFTAETPIQNVILHEHHIFLGATNYIYVLNEEDLQKVAEYKTGPVLEHPDCFPCQDCSSKANLSGGVWKDNINMALVVDTYYDDQLISCGSVNRGTCQRHVFPHNHTADIQSEVHCIFSPQIEEPSQCPDCVVSALGAKVLSSVKDRFINFFVGNTINSSYFPDHPLHSISVRRLKETKDGFMFLTDQSYIDVLPEFRDSYPIKYVHAFESNNFIYFLTVQRETLDAQTFHTRIIRFCSINSGLHSYMEMPLECILTEKRKKRSTKKEVFNILQAAYVSKPGAQLARQIGASLNDDILFGVFAQSKPDSAEPMDRSAMCAFPIKYVNDFFNKIVNKNNVRCLQHFYGPNHEHCFNRTLLRNSSGCEARRDEYRTEFTTALQRVDLFMGQFSEVLLTSISTFIKGDLTIANLGTSEGRFMQVVVSRSGPSTPHVNFLLDSHPVSPEVIVEHTLNQNGYTLVITGKKITKIPLNGLGCRHFQSCSQCLSAPPFVQCGWCHDKCVRSEECLSGTWTQQICLPAIYKVFPNSAPLEGGTRLTICGWDFGFRRNNKFDLKKTRVLLGNESCTLTLSESTMNTLKCTVGPAMNKHFNMSIIISNGHGTTQYSTFSYVDPVITSISPKYGPMAGGTLLTLTGNYLNSGNSRHISIGGKTCTLKSVSNSILECYTPAQTISTEFAVKLKIDLANRETSIFSYREDPIVYEIHPTKSFISGGSTITGVGKNLNSVSVPRMVINVHEAGRNFTVACQHRSNSEIICCTTPSLQQLNLQLPLKTKAFFMLDGILSKYFDLIYVHNPVFKPFEKPVMISMGNENVLEIKGNDIDPEAVKGEVLKVGNKSCENIHLHSEAVLCTVPNDLLKLNSELNIEWKQAISSTVLGKVIVQPDQNFTGLIAGVVSISTALLLLLGFFLWLKKRKQIKDLGSELVRYDARVHTPHLDRLVSARSVSPTTEMVSNESVDYRATFPEDQFPNSSQNGSCRQVQYPLTDMSPILTSGDSDISSPLLQNTVHIDLSALNPELVQAVQHVVIGPSSLIVHFNEVIGRGHFGCVYHGTLLDNDGKKIHCAVKSLNRITDIGEVSQFLTEGIIMKDFSHPNVLSLLGICLRSEGSPLVVLPYMKHGDLRNFIRNETHNPTVKDLIGFGLQVAKGMKYLASKKFVHRDLAARNCMLDEKFTVKVADFGLARDMYDKEYYSVHNKTGAKLPVKWMALESLQTQKFTTKSDVWSFGVLLWELMTRGAPPYPDVNTFDITVYLLQGRRLLQPEYCPDPLYEVMLKCWHPKAEMRPSFSELVSRISAIFSTFIGEHYVHVNATYVNVKCVAPYPSLLSSEDNADDEVDTRPASFWETS,-0.0,0000000000000000000000000000000000000000000000000000000000000000000000000000000000000011000000000000000000000000000000000000000000000000000000000000000000000000000000000000000000000000000000000000000000000000000000000000000000000000000000000000000000000000000000000000000000000000000,0.5434235129968044,52,126,6.3671975,7.9011464,0.4552455396085307,0.7915,0.8672,2022,36355693,0.0,P08581_I90,7y4t_I90_A,/mnt/nas/research-data/luwei/dynamicbind_data/database/wholePDB_v3//pocket_aligned_fill_missing/P08581/af2_7y4t_I90_A_aligned.pdb,/mnt/nas/research-data/luwei/dynamicbind_data/database/wholePDB_v3//pocket_aligned_fill_missing/P08581/7y4t_I90_A.sdf,/mnt/nas/research-data/luwei/dynamicbind_data/database/wholePDB_v3//pocket_aligned_fill_missing/P08581/af2_7y4t_I90_A_aligned.pdb
7y4u_I94_A,7y4u_A,7y4u_I94_A,P08581,/mnt/nas/research-data/luwei/dynamicbind_data/database/wholePDB_v3//pocket_aligned_fill_missing/P08581/7y4u_I94_A_aligned_to_P08581_refined.pdb,/mnt/nas/research-data/luwei/dynamicbind_data/database/wholePDB_v3//pocket_aligned_fill_missing/P08581/7y4u_I94_A.sdf,/mnt/nas/research-data/luwei/dynamicbind_data/database/wholePDB_v3//pocket_aligned_fill_missing/P08581/af2_7y4u_I94_A_aligned.pdb,6.2532,10.860137,0.3591358297954533,0.7881,0.8899,0.9022,6.829343205705459,281,-3,7y4u,2022-11-23,642,519,910,1353,2,I94,CNC(=O)c1ccc(-c2ccc(=O)n(CCc3ccc4ncc(-c5cnn(C)c5)cc4c3)n2)cc1C(F)(F)F,532.5260000000001,39,Kinase,Kinase,protein kinase superfamily. Tyr protein kinase family,/mnt/nas/research-data/luwei/dynamicbind_data/database/wholePDB_v3//pocket_aligned_fill_missing/P08581/af2_7y4u_I94_A_aligned.pdb,MET_HUMAN,0.98943661971831,284,284,281,ELVQAVQHVVIGPSSLIVHFNEVIGRGHFGCVYHGTLLDNDGKKIHCAVKSLNRITDIGEVSQFLTEGIIMKDFSHPNVLSLLGICLRSEGSPLVVLPYMKHGDLRNFIRNETHNPTVKDLIGFGLQVAKGMKYLASKKFVHRDLAARNCMLDEKFTVKVADFGLARDMYDKEYYSVHNKTGAKLPVKWMALESLQTQKFTTKSDVWSFGVLLWELMTRGAPPYPDVNTFDITVYLLQGRRLLQPEYCPDPLYEVMLKCWHPKAEMRPSFSELVSRISAIFSTF,ELVQAVQHVVIGPSSLIVHFNEVIGRGHFGCVYHGTLLDNDGKKIHCAVKSLNRITDIGEVSQFLTEGIIMKDFSHPNVLSLLGICLRS---PLVVLPYMKHGDLRNFIRNETHNPTVKDLIGFGLQVAKGMKYLASKKFVHRDLAARNCMLDEKFTVKVADFGLARDMYDKEYYSVHNKTGAKLPVKWMALESLQTQKFTTKSDVWSFGVLLWELMTRGAPPYPDVNTFDITVYLLQGRRLLQPEYCPDPLYEVMLKCWHPKAEMRPSFSELVSRISAIFSTF,1060,1344,MKAPAVLAPGILVLLFTLVQRSNGECKEALAKSEMNVNMKYQLPNFTAETPIQNVILHEHHIFLGATNYIYVLNEEDLQKVAEYKTGPVLEHPDCFPCQDCSSKANLSGGVWKDNINMALVVDTYYDDQLISCGSVNRGTCQRHVFPHNHTADIQSEVHCIFSPQIEEPSQCPDCVVSALGAKVLSSVKDRFINFFVGNTINSSYFPDHPLHSISVRRLKETKDGFMFLTDQSYIDVLPEFRDSYPIKYVHAFESNNFIYFLTVQRETLDAQTFHTRIIRFCSINSGLHSYMEMPLECILTEKRKKRSTKKEVFNILQAAYVSKPGAQLARQIGASLNDDILFGVFAQSKPDSAEPMDRSAMCAFPIKYVNDFFNKIVNKNNVRCLQHFYGPNHEHCFNRTLLRNSSGCEARRDEYRTEFTTALQRVDLFMGQFSEVLLTSISTFIKGDLTIANLGTSEGRFMQVVVSRSGPSTPHVNFLLDSHPVSPEVIVEHTLNQNGYTLVITGKKITKIPLNGLGCRHFQSCSQCLSAPPFVQCGWCHDKCVRSEECLSGTWTQQICLPAIYKVFPNSAPLEGGTRLTICGWDFGFRRNNKFDLKKTRVLLGNESCTLTLSESTMNTLKCTVGPAMNKHFNMSIIISNGHGTTQYSTFSYVDPVITSISPKYGPMAGGTLLTLTGNYLNSGNSRHISIGGKTCTLKSVSNSILECYTPAQTISTEFAVKLKIDLANRETSIFSYREDPIVYEIHPTKSFISGGSTITGVGKNLNSVSVPRMVINVHEAGRNFTVACQHRSNSEIICCTTPSLQQLNLQLPLKTKAFFMLDGILSKYFDLIYVHNPVFKPFEKPVMISMGNENVLEIKGNDIDPEAVKGEVLKVGNKSCENIHLHSEAVLCTVPNDLLKLNSELNIEWKQAISSTVLGKVIVQPDQNFTGLIAGVVSISTALLLLLGFFLWLKKRKQIKDLGSELVRYDARVHTPHLDRLVSARSVSPTTEMVSNESVDYRATFPEDQFPNSSQNGSCRQVQYPLTDMSPILTSGDSDISSPLLQNTVHIDLSALNPELVQAVQHVVIGPSSLIVHFNEVIGRGHFGCVYHGTLLDNDGKKIHCAVKSLNRITDIGEVSQFLTEGIIMKDFSHPNVLSLLGICLRSEGSPLVVLPYMKHGDLRNFIRNETHNPTVKDLIGFGLQVAKGMKYLASKKFVHRDLAARNCMLDEKFTVKVADFGLARDMYDKEYYSVHNKTGAKLPVKWMALESLQTQKFTTKSDVWSFGVLLWELMTRGAPPYPDVNTFDITVYLLQGRRLLQPEYCPDPLYEVMLKCWHPKAEMRPSFSELVSRISAIFSTFIGEHYVHVNATYVNVKCVAPYPSLLSSEDNADDEVDTRPASFWETS,-0.0,00000000000000000000000000000000000000000000000000000000000000000000000000000000000000000111000000000000000000000000000000000000000000000000000000000000000000000000000000000000000000000000000000000000000000000000000000000000000000000000000000000000000000000000000000000000000000000000,0.4781225051033477,55,149,6.2607355,10.860137,0.3591358297954533,0.7932,0.8899,2022,36355693,0.0,P08581_I94,7y4u_I94_A,/mnt/nas/research-data/luwei/dynamicbind_data/database/wholePDB_v3//pocket_aligned_fill_missing/P08581/af2_7y4u_I94_A_aligned.pdb,/mnt/nas/research-data/luwei/dynamicbind_data/database/wholePDB_v3//pocket_aligned_fill_missing/P08581/7y4u_I94_A.sdf,/mnt/nas/research-data/luwei/dynamicbind_data/database/wholePDB_v3//pocket_aligned_fill_missing/P08581/af2_7y4u_I94_A_aligned.pdb
