entryName,proteinName,compoundName,uid,pdbFile,ligandFile,af2File,protein_rmsd,pocket_rmsd,clashScore,lddt,bs_lddt,tmscore,rmsd,protein_length,filled_num,pdb,initial_release_date,cluster_id_100,cluster_id_95,cluster_id_70,cluster_id_50,cluster_id_30,comp_id,smiles,wt,n_atoms,superfamily,superfamily_by_clster30,family,raw_af2File,uid_entry,identity_ratio,len_info,len_ref_seq,len_pdb_seq,result_seq_ref,result_seq_pdb,start_idx,end_idx,raw_result_ref,mut_count,gap_mask,overlap_mean,clash_n,n,gap_mask_protein_rmsd,gap_mask_pocket_rmsd,gap_mask_clashScore,gap_mask_lddt,gap_mask_bs_lddt,year,pubmed,cites,min_dis,min_dis_ref_ligandFile,protein_path,ligand
8fn0_SRW_A,8fn0_A,8fn0_SRW_A,P20789,/mnt/nas/research-data/luwei/dynamicbind_data/database/wholePDB_v3//pocket_aligned_fill_missing/P20789/8fn0_SRW_A_aligned_to_P20789_refined.pdb,/mnt/nas/research-data/luwei/dynamicbind_data/database/wholePDB_v3//pocket_aligned_fill_missing/P20789/8fn0_SRW_A.sdf,/mnt/nas/research-data/luwei/dynamicbind_data/database/wholePDB_v3//pocket_aligned_fill_missing/P20789/af2_8fn0_SRW_A_mutated.pdb,1.4037473,1.9271268,0.4857510742920808,0.8769,0.5986,0.98748,0.7231537481121435,282,-42,8fn0,2023-03-29,64900,32382,15877,16617,147,SRW,COc1ccccc1C1CCN(c2nc(C3(F)CC3)nc3ccc(N(C)CCO)cc23)CC1,450.55800000000016,33,GPCR,GPCR,G-protein coupled receptor 1 family. Neurotensin receptor subfamily. NTSR1 sub-subfamily,/mnt/nas/research-data/luwei/dynamicbind_data/database/wholePDB_v3//pocket_aligned_fill_missing/P20789/af2_8fn0_SRW_A_aligned.pdb,NTR1_RAT,0.8611111111111112,324,324,282,NSDLDVNTDIYSKVLVTAIYLALFVVGTVGNSVTAFTLARKKSLQSLQSTVHYHLGSLALSDLLILLLAMPVELYNFIWVHHPWAFGDAGCRGYYFLRDACTYATALNVASLSVERYLAICHPFKAKTLMSRSRTKKFISAIWLASALLAIPMLFTMGLQNRSGDGTHPGGLVCTPIVDTATVKVVIQVNTFMSFLFPMLVISILNTVIANKLTVMVHQAAEQGRVCTVGTHNGLEHSTFNMTIEPGRVQALRHGVLVLRAVVIAFVVCWLPYHVRRLMFCYISDEQWTTFLFDFYHYFYMLTNALFYVSSAINPILYNLVSAN,NSDLDVNTDIYSKVLVTAIYLALFVVGTVGNSVTLFTLA---------STVHYHLGSLALSDLLILLLAMPVELYNFIWVHHPWAFGDAGCRGYYFLRDACTYATALNVASLSVERYLAICHPFKAKTLMSRSRTKKFISAIWLASALLAIPMLFTMGLQNRSADGTHPGGLVCTPIVDTATVKVVIQVNTFMSFLFPMLVISILNTVIANKLTVM---------------------------------QALRHGVLVLRAVVIAFVVCWLPYHVRRLMFCYISDEQWTTFLFDFYHYFYMLTNALFYASSAINPILYNLVSAN,51,375,MHLNSSVPQGTPGEPDAQPFSGPQSEMEATFLALSLSNGSGNTSESDTAGPNSDLDVNTDIYSKVLVTAIYLALFVVGTVGNSVTAFTLARKKSLQSLQSTVHYHLGSLALSDLLILLLAMPVELYNFIWVHHPWAFGDAGCRGYYFLRDACTYATALNVASLSVERYLAICHPFKAKTLMSRSRTKKFISAIWLASALLAIPMLFTMGLQNRSGDGTHPGGLVCTPIVDTATVKVVIQVNTFMSFLFPMLVISILNTVIANKLTVMVHQAAEQGRVCTVGTHNGLEHSTFNMTIEPGRVQALRHGVLVLRAVVIAFVVCWLPYHVRRLMFCYISDEQWTTFLFDFYHYFYMLTNALFYVSSAINPILYNLVSANFRQVFLSTLACLCPGWRHRRKKRPTFSRKPNSMSSNHAFSTSATRETLY,3.0,000000000000000000000000000000000000000111111111000000000000000000000000000000000000000000000000000000000000000000000000000000000000000000000000000000000000000000000000000000000000000000000000000000000000000000000000111111111111111111111111111111111000000000000000000000000000000000000000000000000000000000000000000000000000,0.5844896907851947,49,119,1.4461902,1.9172931,0.4857510742920808,0.8811,0.5928,2023,36917754,0.0,40.59896606698641,/mnt/nas/research-data/luwei/dynamicbind_data/pdbbind_v11//pocket_aligned_fill_missing/P20789/3zev.sdf,/mnt/nas/research-data/luwei/dynamicbind_data/database/wholePDB_v3//pocket_aligned_fill_missing/P20789/af2_8fn0_SRW_A_mutated.pdb,COc1ccccc1C1CCN(c2nc(C3(F)CC3)nc3ccc(N(C)CCO)cc23)CC1
7sin_YP1_A,7sin_A,7sin_YP1_A,P41180,/mnt/nas/research-data/luwei/dynamicbind_data/database/wholePDB_v3//pocket_aligned_fill_missing/P41180/7sin_YP1_A_aligned_to_P41180_refined.pdb,/mnt/nas/research-data/luwei/dynamicbind_data/database/wholePDB_v3//pocket_aligned_fill_missing/P41180/7sin_YP1_A.sdf,/mnt/nas/research-data/luwei/dynamicbind_data/database/wholePDB_v3//pocket_aligned_fill_missing/P41180/af2_7sin_YP1_A_aligned.pdb,16.134607,2.6269674,0.8535239501107328,0.7886,0.5209,0.88018,1.210166303961904,793,-48,7sin,2022-01-19,35371,11326,13920,14763,505,YP1,CC(C)(Cc1ccc2ccccc2c1)NCC(O)COc1cccc(Cl)c1C#N,408.92900000000014,29,GPCR,GPCR,G-protein coupled receptor 3 family,/mnt/nas/research-data/luwei/dynamicbind_data/database/wholePDB_v3//pocket_aligned_fill_missing/P41180/af2_7sin_YP1_A_aligned.pdb,CASR_HUMAN,0.9429250891795482,841,841,793,GPDQRAQKKGDIILGGLFPIHFGVAAKDQDLKSRPESVECIRYNFRGFRWLQAMIFAIEEINSSPALLPNLTLGYRIFDTCNTVSKALEATLSFVAQNKIDSLNLDEFCNCSEHIPSTIAVVGATGSGVSTAVANLLGLFYIPQVSYASSSRLLSNKNQFKSFLRTIPNDEHQATAMADIIEYFRWNWVGTIAADDDYGRPGIEKFREEAEERDICIDFSELISQYSDEEEIQHVVEVIQNSTAKVIVVFSSGPDLEPLIKEIVRRNITGKIWLASEAWASSSLIAMPQYFHVVGGTIGFALKAGQIPGFREFLKKVHPRKSVHNGFAKEFWEETFNCHLQEGAKGPLPVDTFLRGHEESGDRFSNSSTAFRPLCTGDENISSVETPYIDYTHLRISYNVYLAVYSIAHALQDIYTCLPGRGLFTNGSCADIKKVEAWQVLKHLRHLNFTNNMGEQVTFDECGDLVGNYSIINWHLSPEDGSIVFKEVGYYNVYAKKGERLFINEEKILWSGFSREVPFSNCSRDCLAGTRKGIIEGEPTCCFECVECPDGEYSDETDASACNKCPDDFWSNENHTSCIAKEIEFLSWTEPFGIALTLFAVLGIFLTAFVLGVFIKFRNTPIVKATNRELSYLLLFSLLCCFSSSLFFIGEPQDWTCRLRQPAFGISFVLCISCILVKTNRVLLVFEAKIPTSFHRKWWGLNLQFLLVFLCTFMQIVICVIWLYTAPPSSYRNQELEDEIIFITCHEGSLMALGFLIGYTCLLAAICFFFAFKSRKLPENFNEAKFITFSMLIFFIVWISFIPAYASTYGKFVSAVEVIAILAASFGLLACIFFNKIYIIL,GPDQRAQKKGDIILGGLFPIHFGVAAKDQDLKSRPESVECIRYNFRGFRWLQAMIFAIEEINSSPALLPNLTLGYRIFDTCNTVSKALEATLSFVAQNKIDSLNLDEFCNCSEHIPSTIAVVGATGSGVSTAVANLLGLFYIPQVSYASSSRLLSNKNQFKSFLRTIPNDEHQATAMADIIEYFRWNWVGTIAADDDYGRPGIEKFREEAEERDICIDFSELISQYSDEEEIQHVVEVIQNSTAKVIVVFSSGPDLEPLIKEIVRRNITGKIWLASEAWASSSLIAMPQYFHVVGGTIGFALKAGQIPGFREFLKKVHPRKSVHNGFAKEFWEETFNCHL-------------------------------RPLCTGDENISSVETPYIDYTHLRISYNVYLAVYSIAHALQDIYTCLPGRGLFTNGSCADIKKVEAWQVLKHLRHLNFTNNMGEQVTFDECGDLVGNYSIINWHLSPEDGSIVFKEVGYYNVYAKKGERLFINEEKILWSGFSREVPFSNCSRDCLAGTRKGIIEGEPTCCFECVECPDGEYSDETDASACNKCPDDFWSNENHTSCIAKEIEFLSWTEPFGIALTLFAVLGIFLTAFVLGVFIKFRNTPIVKATNRELSYLLLFSLLCCFSSSLFFIGEPQDWTCRLRQPAFGISFVLCISCILVKTNRVL-----------------LNLQFLLVFLCTFMQIVICVIWLYTAPPSSYRNQELEDEIIFITCHEGSLMALGFLIGYTCLLAAICFFFAFKSRKLPENFNEAKFITFSMLIFFIVWISFIPAYASTYGKFVSAVEVIAILAASFGLLACIFFNKIYIIL,20,861,MAFYSCCWVLLALTWHTSAYGPDQRAQKKGDIILGGLFPIHFGVAAKDQDLKSRPESVECIRYNFRGFRWLQAMIFAIEEINSSPALLPNLTLGYRIFDTCNTVSKALEATLSFVAQNKIDSLNLDEFCNCSEHIPSTIAVVGATGSGVSTAVANLLGLFYIPQVSYASSSRLLSNKNQFKSFLRTIPNDEHQATAMADIIEYFRWNWVGTIAADDDYGRPGIEKFREEAEERDICIDFSELISQYSDEEEIQHVVEVIQNSTAKVIVVFSSGPDLEPLIKEIVRRNITGKIWLASEAWASSSLIAMPQYFHVVGGTIGFALKAGQIPGFREFLKKVHPRKSVHNGFAKEFWEETFNCHLQEGAKGPLPVDTFLRGHEESGDRFSNSSTAFRPLCTGDENISSVETPYIDYTHLRISYNVYLAVYSIAHALQDIYTCLPGRGLFTNGSCADIKKVEAWQVLKHLRHLNFTNNMGEQVTFDECGDLVGNYSIINWHLSPEDGSIVFKEVGYYNVYAKKGERLFINEEKILWSGFSREVPFSNCSRDCLAGTRKGIIEGEPTCCFECVECPDGEYSDETDASACNKCPDDFWSNENHTSCIAKEIEFLSWTEPFGIALTLFAVLGIFLTAFVLGVFIKFRNTPIVKATNRELSYLLLFSLLCCFSSSLFFIGEPQDWTCRLRQPAFGISFVLCISCILVKTNRVLLVFEAKIPTSFHRKWWGLNLQFLLVFLCTFMQIVICVIWLYTAPPSSYRNQELEDEIIFITCHEGSLMALGFLIGYTCLLAAICFFFAFKSRKLPENFNEAKFITFSMLIFFIVWISFIPAYASTYGKFVSAVEVIAILAASFGLLACIFFNKIYIILFKPSRNTIEEVRCSTAAHAFKVAARATLRRSNVSRKRSSSLGGSTGSTPSSSISSKSNSEDPFPQPERQKQQQPLALTQQEQQQQPLTLPQQQRSQQQPRCKQKVIFGSGTVTFSLSFDEPQKNAMAHRNSTHQNSLEAQKSSDTLTRHEPLLPLQCGETDLDLTVQETGLQGPVGGDQRPEVEDPEELSPALVVSSSQSFVISGGGSTVTENVVNS,-0.0,0000000000000000000000000000000000000000000000000000000000000000000000000000000000000000000000000000000000000000000000000000000000000000000000000000000000000000000000000000000000000000000000000000000000000000000000000000000000000000000000000000000000000000000000000000000000000000000000000000000000000000000000000000000000000000000000000000111111111111111111111111111111100000000000000000000000000000000000000000000000000000000000000000000000000000000000000000000000000000000000000000000000000000000000000000000000000000000000000000000000000000000000000000000000000000000000000000000000000000000000000000000000000000000000000000000000000000000000000000000000000000000000000000000000011111111111111111000000000000000000000000000000000000000000000000000000000000000000000000000000000000000000000000000000000000000000000000000000000000000000000,0.9717613722790656,89,177,16.184832,2.6269674,0.8535239501107328,0.7926,0.5209,2022,34916296,9.0,90.57781957181083,/mnt/nas/research-data/luwei/dynamicbind_data/pdbbind_v11//pocket_aligned_fill_missing/P41180/5k5s.sdf,/mnt/nas/research-data/luwei/dynamicbind_data/database/wholePDB_v3//pocket_aligned_fill_missing/P41180/af2_7sin_YP1_A_aligned.pdb,CC(C)(Cc1ccc2ccccc2c1)NCC(O)COc1cccc(Cl)c1C#N
7sil_9IG_A,7sil_A,7sil_9IG_A,P41180,/mnt/nas/research-data/luwei/dynamicbind_data/database/wholePDB_v3//pocket_aligned_fill_missing/P41180/7sil_9IG_A_aligned_to_P41180_refined.pdb,/mnt/nas/research-data/luwei/dynamicbind_data/database/wholePDB_v3//pocket_aligned_fill_missing/P41180/7sil_9IG_A.sdf,/mnt/nas/research-data/luwei/dynamicbind_data/database/wholePDB_v3//pocket_aligned_fill_missing/P41180/af2_7sil_9IG_A_aligned.pdb,22.754847,1.7856978,0.4255930490871765,0.863,0.6347,0.81885,0.8550635793993143,781,-60,7sil,2022-01-19,35371,11326,13920,14763,505,9IG,COc1cccc(C(C)NCCCc2ccccc2Cl)c1,303.833,21,GPCR,GPCR,G-protein coupled receptor 3 family,/mnt/nas/research-data/luwei/dynamicbind_data/database/wholePDB_v3//pocket_aligned_fill_missing/P41180/af2_7sil_9IG_A_aligned.pdb,CASR_HUMAN,0.9286563614744352,841,841,781,GPDQRAQKKGDIILGGLFPIHFGVAAKDQDLKSRPESVECIRYNFRGFRWLQAMIFAIEEINSSPALLPNLTLGYRIFDTCNTVSKALEATLSFVAQNKIDSLNLDEFCNCSEHIPSTIAVVGATGSGVSTAVANLLGLFYIPQVSYASSSRLLSNKNQFKSFLRTIPNDEHQATAMADIIEYFRWNWVGTIAADDDYGRPGIEKFREEAEERDICIDFSELISQYSDEEEIQHVVEVIQNSTAKVIVVFSSGPDLEPLIKEIVRRNITGKIWLASEAWASSSLIAMPQYFHVVGGTIGFALKAGQIPGFREFLKKVHPRKSVHNGFAKEFWEETFNCHLQEGAKGPLPVDTFLRGHEESGDRFSNSSTAFRPLCTGDENISSVETPYIDYTHLRISYNVYLAVYSIAHALQDIYTCLPGRGLFTNGSCADIKKVEAWQVLKHLRHLNFTNNMGEQVTFDECGDLVGNYSIINWHLSPEDGSIVFKEVGYYNVYAKKGERLFINEEKILWSGFSREVPFSNCSRDCLAGTRKGIIEGEPTCCFECVECPDGEYSDETDASACNKCPDDFWSNENHTSCIAKEIEFLSWTEPFGIALTLFAVLGIFLTAFVLGVFIKFRNTPIVKATNRELSYLLLFSLLCCFSSSLFFIGEPQDWTCRLRQPAFGISFVLCISCILVKTNRVLLVFEAKIPTSFHRKWWGLNLQFLLVFLCTFMQIVICVIWLYTAPPSSYRNQELEDEIIFITCHEGSLMALGFLIGYTCLLAAICFFFAFKSRKLPENFNEAKFITFSMLIFFIVWISFIPAYASTYGKFVSAVEVIAILAASFGLLACIFFNKIYIIL,GPDQRAQKKGDIILGGLFPIHFGVAAKDQDLKSRPESVECIRYNFRGFRWLQAMIFAIEEINSSPALLPNLTLGYRIFDTCNTVSKALEATLSFVAQNKIDSL-----------IPSTIAVVGATGSGVSTAVANLLGLFYIPQVSYASSSRLLSNKNQFKSFLRTIPNDEHQATAMADIIEYFRWNWVGTIAADDDYGRPGIEKFREEAEERDICIDFSELISQYSDEEEIQHVVEVIQNSTAKVIVVFSSGPDLEPLIKEIVRRNITGKIWLASEAWASSSLIAMPQYFHVVGGTIGFALKAGQIPGFREFLKKVHPRKSVHNGFAKEFWEETFNCHL-------------------------------RPLCTGDENISSVETPYIDYTHLRISYNVYLAVYSIAHALQDIYTCLPGRGLFTNGSCADIKKVEAWQVLKHLRHLNFTNNMGEQVTFDECGDLVGNYSIINWHLSPEDGSIVFKEVGYYNVYAKKGERLFINEEKILWSGFSREVPFSNCSRDCLAGTRKGIIEGEPTCCFECVECPDGEYSDETDASACNKCPDDFWSNENHTSCIAKEIEFLSWTEPFGIALTLFAVLGIFLTAFVLGVFIKFRNTPIVKATNRELSYLLLFSLLCCFSSSLFFIGEPQDWTCRLRQPAFGISFVLCISCILVKTNRV------------------LNLQFLLVFLCTFMQIVICVIWLYTAPPSSYRNQELEDEIIFITCHEGSLMALGFLIGYTCLLAAICFFFAFKSRKLPENFNEAKFITFSMLIFFIVWISFIPAYASTYGKFVSAVEVIAILAASFGLLACIFFNKIYIIL,20,861,MAFYSCCWVLLALTWHTSAYGPDQRAQKKGDIILGGLFPIHFGVAAKDQDLKSRPESVECIRYNFRGFRWLQAMIFAIEEINSSPALLPNLTLGYRIFDTCNTVSKALEATLSFVAQNKIDSLNLDEFCNCSEHIPSTIAVVGATGSGVSTAVANLLGLFYIPQVSYASSSRLLSNKNQFKSFLRTIPNDEHQATAMADIIEYFRWNWVGTIAADDDYGRPGIEKFREEAEERDICIDFSELISQYSDEEEIQHVVEVIQNSTAKVIVVFSSGPDLEPLIKEIVRRNITGKIWLASEAWASSSLIAMPQYFHVVGGTIGFALKAGQIPGFREFLKKVHPRKSVHNGFAKEFWEETFNCHLQEGAKGPLPVDTFLRGHEESGDRFSNSSTAFRPLCTGDENISSVETPYIDYTHLRISYNVYLAVYSIAHALQDIYTCLPGRGLFTNGSCADIKKVEAWQVLKHLRHLNFTNNMGEQVTFDECGDLVGNYSIINWHLSPEDGSIVFKEVGYYNVYAKKGERLFINEEKILWSGFSREVPFSNCSRDCLAGTRKGIIEGEPTCCFECVECPDGEYSDETDASACNKCPDDFWSNENHTSCIAKEIEFLSWTEPFGIALTLFAVLGIFLTAFVLGVFIKFRNTPIVKATNRELSYLLLFSLLCCFSSSLFFIGEPQDWTCRLRQPAFGISFVLCISCILVKTNRVLLVFEAKIPTSFHRKWWGLNLQFLLVFLCTFMQIVICVIWLYTAPPSSYRNQELEDEIIFITCHEGSLMALGFLIGYTCLLAAICFFFAFKSRKLPENFNEAKFITFSMLIFFIVWISFIPAYASTYGKFVSAVEVIAILAASFGLLACIFFNKIYIILFKPSRNTIEEVRCSTAAHAFKVAARATLRRSNVSRKRSSSLGGSTGSTPSSSISSKSNSEDPFPQPERQKQQQPLALTQQEQQQQPLTLPQQQRSQQQPRCKQKVIFGSGTVTFSLSFDEPQKNAMAHRNSTHQNSLEAQKSSDTLTRHEPLLPLQCGETDLDLTVQETGLQGPVGGDQRPEVEDPEELSPALVVSSSQSFVISGGGSTVTENVVNS,0.0,0000000000000000000000000000000000000000000000000000000000000000000000000000000000000000000000000000000111111111110000000000000000000000000000000000000000000000000000000000000000000000000000000000000000000000000000000000000000000000000000000000000000000000000000000000000000000000000000000000000000000000000000000000000000000000000000000000111111111111111111111111111111100000000000000000000000000000000000000000000000000000000000000000000000000000000000000000000000000000000000000000000000000000000000000000000000000000000000000000000000000000000000000000000000000000000000000000000000000000000000000000000000000000000000000000000000000000000000000000000000000000000000000000000000111111111111111111000000000000000000000000000000000000000000000000000000000000000000000000000000000000000000000000000000000000000000000000000000000000000000000,0.5008245319790703,54,128,22.298193,1.7856978,0.4255930490871765,0.876,0.6347,2022,34916296,9.0,93.01560582698828,/mnt/nas/research-data/luwei/dynamicbind_data/pdbbind_v11//pocket_aligned_fill_missing/P41180/5k5s.sdf,/mnt/nas/research-data/luwei/dynamicbind_data/database/wholePDB_v3//pocket_aligned_fill_missing/P41180/af2_7sil_9IG_A_aligned.pdb,COc1cccc(C(C)NCCCc2ccccc2Cl)c1
7s15_82L_R,7s15_R,7s15_82L_R,P43220,/mnt/nas/research-data/luwei/dynamicbind_data/database/wholePDB_v3//pocket_aligned_fill_missing/P43220/7s15_82L_R_aligned_to_P43220_refined.pdb,/mnt/nas/research-data/luwei/dynamicbind_data/database/wholePDB_v3//pocket_aligned_fill_missing/P43220/7s15_82L_R.sdf,/mnt/nas/research-data/luwei/dynamicbind_data/database/wholePDB_v3//pocket_aligned_fill_missing/P43220/af2_7s15_82L_R_mutated.pdb,6.5766644,8.0545025,0.8226519010716533,0.6961,0.343,0.80276,5.308542825619827,382,-10,7s15,2022-06-08,154874,2144,178242,41242,1087,82L,CCn1cncc1Cn1c(CN2CCC(c3cccc(OCc4ccc(F)cc4F)n3)CC2)nc2ccc(C(=O)O)cc21,586.6430000000003,43,GPCR,GPCR,G-protein coupled receptor 2 family,/mnt/nas/research-data/luwei/dynamicbind_data/database/wholePDB_v3//pocket_aligned_fill_missing/P43220/af2_7s15_82L_R_aligned.pdb,GLP1R_HUMAN,0.9566326530612244,392,392,382,VSLWETVQKWREYRRQCQRSLTEDPPPATDLFCNRTFDEYACWPDGEPGSFVNVSCPWYLPWASSVPQGHVYRFCTAEGLWLQKDNSSLPWRDLSECEESKRGERSSPEEQLLFLYIIYTVGYALSFSALVIASAILLGFRHLHCTRNYIHLNLFASFILRALSVFIKDAALKWMYSTAAQQHQWDGLLSYQDSLSCRLVFLLMQYCVAANYYWLLVEGVYLYTLLAFSVLSEQWIFRLYVSIGWGVPLLFVVPWGIVKYLYEDEGCWTRNSNMNYWLIIRLPILFAIGVNFLIFVRVICIVVSKLKANLMCKTDIKCRLAKSTLTLIPLLGTHEVIFAFVMDEHARGTLRFIKLFTELSFTSFQGLMVAILYCFVNNEVQLEFRKSWERWR,VSLWETVQKWREYRRQCQRSLTEDPPPATDLFCNRTFDEYACWPDGEPGSFVNVSCPWYLPWASSVPQGHVYRFCTAEGLWLQKDNSSLPWRDLSECEE------SSPEEQLLFLYYIYTVGYALSFSALVIASAILLGFRHLHCTRNYIHLNLFASFILRALSVFIKDAALKWMYSTRAQQHEWDGLLRYQDSLSCRLVFLLMQYCVAANYYWLLVEGVYLYTLLAFSVASEQWIFRLYVSIGWGVPLLFVVPWGIVKYLAEDEGCWTRNSNMNYWLIIRLPILFAIGVNFLIFVRVICIVVSKLKAN----TDIQCRLAKSTLTLIPLLGTHEVIFAFVMDEHARGTLRFIKLFTELSFTSFQGLMVAILYCFVNNEVQLEFRKSWERWR,29,421,MAGAPGPLRLALLLLGMVGRAGPRPQGATVSLWETVQKWREYRRQCQRSLTEDPPPATDLFCNRTFDEYACWPDGEPGSFVNVSCPWYLPWASSVPQGHVYRFCTAEGLWLQKDNSSLPWRDLSECEESKRGERSSPEEQLLFLYIIYTVGYALSFSALVIASAILLGFRHLHCTRNYIHLNLFASFILRALSVFIKDAALKWMYSTAAQQHQWDGLLSYQDSLSCRLVFLLMQYCVAANYYWLLVEGVYLYTLLAFSVLSEQWIFRLYVSIGWGVPLLFVVPWGIVKYLYEDEGCWTRNSNMNYWLIIRLPILFAIGVNFLIFVRVICIVVSKLKANLMCKTDIKCRLAKSTLTLIPLLGTHEVIFAFVMDEHARGTLRFIKLFTELSFTSFQGLMVAILYCFVNNEVQLEFRKSWERWRLEHLHIQRDSSMKPLKCPTSSLSSGATAGSSMYTATCQASCS,7.0,00000000000000000000000000000000000000000000000000000000000000000000000000000000000000000000000000011111100000000000000000000000000000000000000000000000000000000000000000000000000000000000000000000000000000000000000000000000000000000000000000000000000000000000000000000000000000000000000000000000000000000000011110000000000000000000000000000000000000000000000000000000000000000000000000000000,0.8712957973254293,155,264,6.5713253,8.0545025,0.8226519010716533,0.6975,0.343,2022,35647711,6.0,4.79694709350361,/mnt/nas/research-data/luwei/dynamicbind_data/pdbbind_v11//pocket_aligned_fill_missing/P43220/5nx2.sdf,/mnt/nas/research-data/luwei/dynamicbind_data/database/wholePDB_v3//pocket_aligned_fill_missing/P43220/af2_7s15_82L_R_mutated.pdb,CCn1cncc1Cn1c(CN2CCC(c3cccc(OCc4ccc(F)cc4F)n3)CC2)nc2ccc(C(=O)O)cc21
7mts_ZQY_A,7mts_A,7mts_ZQY_A,Q14416,/mnt/nas/research-data/luwei/dynamicbind_data/database/wholePDB_v3//pocket_aligned_fill_missing/Q14416/7mts_ZQY_A_aligned_to_Q14416_refined.pdb,/mnt/nas/research-data/luwei/dynamicbind_data/database/wholePDB_v3//pocket_aligned_fill_missing/Q14416/7mts_ZQY_A.sdf,/mnt/nas/research-data/luwei/dynamicbind_data/database/wholePDB_v3//pocket_aligned_fill_missing/Q14416/af2_7mts_ZQY_A_aligned.pdb,22.165903,3.2537007,0.7596325264352225,0.8478,0.5236,0.77918,2.079688299378004,783,-25,7mts,2021-07-07,23521,11327,11074,6087,505,ZQY,CCCc1cc2c(NCCc3ccc(OCc4nnn[nH]4)cc3)nc(OC)nc2s1,425.51800000000026,30,GPCR,GPCR,G-protein coupled receptor 3 family,/mnt/nas/research-data/luwei/dynamicbind_data/database/wholePDB_v3//pocket_aligned_fill_missing/Q14416/af2_7mts_ZQY_A_aligned.pdb,GRM2_HUMAN,0.969059405940594,808,808,783,KKVLTLEGDLVLGGLFPVHQKGGPAEDCGPVNEHRGIQRLEAMLFALDRINRDPHLLPGVRLGAHILDSCSKDTHALEQALDFVRASLSRGADGSRHICPDGSYATHGDAPTAITGVIGGSYSDVSIQVANLLRLFQIPQISYASTSAKLSDKSRYDYFARTVPPDFFQAKAMAEILRFFNWTYVSTVASEGDYGETGIEAFELEARARNICVATSEKVGRAMSRAAFEGVVRALLQKPSARVAVLFTRSEDARELLAASQRLNASFTWVASDGWGALESVVAGSEGAAEGAITIELASYPISDFASYFQSLDPWNNSRNPWFREFWEQRFRCSFRQRDCAAHSLRAVPFEQESKIMFVVNAVYAMAHALHNMHRALCPNTTRLCDAMRPVNGRRLYKDFVLNVKFDAPFRPADTHNEVRFDRFGDGIGRYNIFTYLRAGSGRYRYQKVGYWAEGLTLDTSLIPWASPSAGPLPASRCSEPCLQNEVKSVQPGEVCCWLCIPCQPYEYRLDEFTCADCGLGYWPNASLTGCFELPQEYIRWGDAWAVGPVTIACLGALATLFVLGVFVRHNATPVVKASGRELCYILLGGVFLCYCMTFIFIAKPSTAVCTLRRLGLGTAFSVCYSALLTKTNRIARIFGGAREGAQRPRFISPASQVAICLALISGQLLIVVAWLVVEAPGTGKETAPERREVVTLRCNHRDASMLGSLAYNVLLIALCTLYAFKTRKCPENFNEAKFIGFTMYTTCIIWLAFLPIFYVTSSDYRVQTTTMCVSVSLSGSVVLGCLFAPKLHIILFQPQKNVVSHRA,KKVLTLEGDLVLGGLFPVHQKGGPAEDCGPVNEHRGIQRLEAMLFALDRINRDPHLLPGVRLGAHILDSCSKDTHALEQALDFVRAS------------------------TAITGVIGGSYSDVSIQVANLLRLFQIPQISYASTSAKLSDKSRYDYFARTVPPDFFQAKAMAEILRFFNWTYVSTVASEGDYGETGIEAFELEARARNICVATSEKVGRAMSRAAFEGVVRALLQKPSARVAVLFTRSEDARELLAASQRLNASFTWVASDGWGALESVVAGSEGAAEGAITIELASYPISDFASYFQSLDPWNNSRNPWFREFWEQRFRCSFRQRDCAAHSLRAVPFEQESKIMFVVNAVYAMAHALHNMHRALCPNTTRLCDAMRPVNGRRLYKDFVLNVKFDAPFRPADTHNEVRFDRFGDGIGRYNIFTYLRAG-GRYRYQKVGYWAEGLTLDTSLIPWASPSAGPLPASRCSEPCLQNEVKSVQPGEVCCWLCIPCQPYEYRLDEFTCADCGLGYWPNASLTGCFELPQEYIRWGDAWAVGPVTIACLGALATLFVLGVFVRHNATPVVKASGRELCYILLGGVFLCYCMTFIFIAKPSTAVCTLRRLGLGTAFSVCYSALLTKTNRIARIFGGAREGAQRPRFISPASQVAICLALISGQLLIVVAWLVVEAPGTGKETAPERREVVTLRCNHRDASMLGSLAYNVLLIALCTLYAFKTRKCPENFNEAKFIGFTMYTTCIIWLAFLPIFYVTSSDYRVQTTTMCVSVSLSGSVVLGCLFAPKLHIILFQPQKNVVSHRA,22,830,MGSLLALLALLLLWGAVAEGPAKKVLTLEGDLVLGGLFPVHQKGGPAEDCGPVNEHRGIQRLEAMLFALDRINRDPHLLPGVRLGAHILDSCSKDTHALEQALDFVRASLSRGADGSRHICPDGSYATHGDAPTAITGVIGGSYSDVSIQVANLLRLFQIPQISYASTSAKLSDKSRYDYFARTVPPDFFQAKAMAEILRFFNWTYVSTVASEGDYGETGIEAFELEARARNICVATSEKVGRAMSRAAFEGVVRALLQKPSARVAVLFTRSEDARELLAASQRLNASFTWVASDGWGALESVVAGSEGAAEGAITIELASYPISDFASYFQSLDPWNNSRNPWFREFWEQRFRCSFRQRDCAAHSLRAVPFEQESKIMFVVNAVYAMAHALHNMHRALCPNTTRLCDAMRPVNGRRLYKDFVLNVKFDAPFRPADTHNEVRFDRFGDGIGRYNIFTYLRAGSGRYRYQKVGYWAEGLTLDTSLIPWASPSAGPLPASRCSEPCLQNEVKSVQPGEVCCWLCIPCQPYEYRLDEFTCADCGLGYWPNASLTGCFELPQEYIRWGDAWAVGPVTIACLGALATLFVLGVFVRHNATPVVKASGRELCYILLGGVFLCYCMTFIFIAKPSTAVCTLRRLGLGTAFSVCYSALLTKTNRIARIFGGAREGAQRPRFISPASQVAICLALISGQLLIVVAWLVVEAPGTGKETAPERREVVTLRCNHRDASMLGSLAYNVLLIALCTLYAFKTRKCPENFNEAKFIGFTMYTTCIIWLAFLPIFYVTSSDYRVQTTTMCVSVSLSGSVVLGCLFAPKLHIILFQPQKNVVSHRAPTSRFGSAAARASSSLGQGSGSQFVPTVCNGREVVDSTTSSL,0.0,0000000000000000000000000000000000000000000000000000000000000000000000000000000000000001111111111111111111111110000000000000000000000000000000000000000000000000000000000000000000000000000000000000000000000000000000000000000000000000000000000000000000000000000000000000000000000000000000000000000000000000000000000000000000000000000000000000000000000000000000000000000000000000000000000000000000000000000000000000000000000000000000000000000010000000000000000000000000000000000000000000000000000000000000000000000000000000000000000000000000000000000000000000000000000000000000000000000000000000000000000000000000000000000000000000000000000000000000000000000000000000000000000000000000000000000000000000000000000000000000000000000000000000000000000000000000000000000000000000000000000000000000000000000000000000,0.7843701451683125,156,279,21.767319,3.2537007,0.7596325264352225,0.8479,0.5236,2021,34194039,44.0,96.1762573881263,/mnt/nas/research-data/luwei/dynamicbind_data/pdbbind_v11//pocket_aligned_fill_missing/Q14416/4xas.sdf,/mnt/nas/research-data/luwei/dynamicbind_data/database/wholePDB_v3//pocket_aligned_fill_missing/Q14416/af2_7mts_ZQY_A_aligned.pdb,CCCc1cc2c(NCCc3ccc(OCc4nnn[nH]4)cc3)nc(OC)nc2s1
7mtr_ZQY_A,7mtr_A,7mtr_ZQY_A,Q14416,/mnt/nas/research-data/luwei/dynamicbind_data/database/wholePDB_v3//pocket_aligned_fill_missing/Q14416/7mtr_ZQY_A_aligned_to_Q14416_refined.pdb,/mnt/nas/research-data/luwei/dynamicbind_data/database/wholePDB_v3//pocket_aligned_fill_missing/Q14416/7mtr_ZQY_A.sdf,/mnt/nas/research-data/luwei/dynamicbind_data/database/wholePDB_v3//pocket_aligned_fill_missing/Q14416/af2_7mtr_ZQY_A_aligned.pdb,20.170229,4.2376285,0.7888333391809639,0.8097,0.5153,0.7953,1.9680109559194712,764,-36,7mtr,2021-07-07,23521,11327,11074,6087,505,ZQY,CCCc1cc2c(NCCc3ccc(OCc4nnn[nH]4)cc3)nc(OC)nc2s1,425.51800000000026,30,GPCR,GPCR,G-protein coupled receptor 3 family,/mnt/nas/research-data/luwei/dynamicbind_data/database/wholePDB_v3//pocket_aligned_fill_missing/Q14416/af2_7mtr_ZQY_A_aligned.pdb,GRM2_HUMAN,0.955,800,800,764,KKVLTLEGDLVLGGLFPVHQKGGPAEDCGPVNEHRGIQRLEAMLFALDRINRDPHLLPGVRLGAHILDSCSKDTHALEQALDFVRASLSRGADGSRHICPDGSYATHGDAPTAITGVIGGSYSDVSIQVANLLRLFQIPQISYASTSAKLSDKSRYDYFARTVPPDFFQAKAMAEILRFFNWTYVSTVASEGDYGETGIEAFELEARARNICVATSEKVGRAMSRAAFEGVVRALLQKPSARVAVLFTRSEDARELLAASQRLNASFTWVASDGWGALESVVAGSEGAAEGAITIELASYPISDFASYFQSLDPWNNSRNPWFREFWEQRFRCSFRQRDCAAHSLRAVPFEQESKIMFVVNAVYAMAHALHNMHRALCPNTTRLCDAMRPVNGRRLYKDFVLNVKFDAPFRPADTHNEVRFDRFGDGIGRYNIFTYLRAGSGRYRYQKVGYWAEGLTLDTSLIPWASPSAGPLPASRCSEPCLQNEVKSVQPGEVCCWLCIPCQPYEYRLDEFTCADCGLGYWPNASLTGCFELPQEYIRWGDAWAVGPVTIACLGALATLFVLGVFVRHNATPVVKASGRELCYILLGGVFLCYCMTFIFIAKPSTAVCTLRRLGLGTAFSVCYSALLTKTNRIARIFGGAREGAQRPRFISPASQVAICLALISGQLLIVVAWLVVEAPGTGKETAPERREVVTLRCNHRDASMLGSLAYNVLLIALCTLYAFKTRKCPENFNEAKFIGFTMYTTCIIWLAFLPIFYVTSSDYRVQTTTMCVSVSLSGSVVLGCLFAPKLHIILFQPQ,KKVLTLEGDLVLGGLFPVHQKGGPAEDCGPVNEHRGIQRLEAMLFALDRINRDPHLLPGVRLGAHILDSCSKDTHALEQALDFVRAS------------------------TAITGVIGGSYSDVSIQVANLLRLFQIPQISYASTSAKLSDKSRYDYFARTVPPDFFQAKAMAEILRFFNWTYVSTVASEGDYGETGIEAFELEARARNICVATSEKVGRAMSRAAFEGVVRALLQKPSARVAVLFTRSEDARELLAASQRLNASFTWVASDGWGALESVVAGSEGAAEGAITIELASYPISDFASYFQSLDPWNNSRNPWFREFWEQRFRCSFRQRDCAAHSLRAVPFEQESKIMFVVNAVYAMAHALHNMHRALCPNTTRLCDAMRPVNGRRLYKDFVLNVKFDAPFRPADTHNEVRFDRFGDGIGRYNIFTYLRAG-GRYRYQKVGYWAEGLTLDTSLIPWASPSAGPLPASRCSEPCLQNEVKSVQPGEVCCWLCIPCQPYEYRLDEFTCADCGLGYWPNASLTGCFELPQEYIRWGDAWAVGPVTIACLGALATLFVLGVFVRHNATPVVKASGRELCYILLGGVFLCYCMTFIFIAKPSTAVCTLRRLGLGTAFSVCYSALLTKTNRIARI-----------RFISPASQVAICLALISGQLLIVVAWLVVEAPGTGKETAPERREVVTLRCNHRDASMLGSLAYNVLLIALCTLYAFKTRKCPENFNEAKFIGFTMYTTCIIWLAFLPIFYVTSSDYRVQTTTMCVSVSLSGSVVLGCLFAPKLHIILFQPQ,22,822,MGSLLALLALLLLWGAVAEGPAKKVLTLEGDLVLGGLFPVHQKGGPAEDCGPVNEHRGIQRLEAMLFALDRINRDPHLLPGVRLGAHILDSCSKDTHALEQALDFVRASLSRGADGSRHICPDGSYATHGDAPTAITGVIGGSYSDVSIQVANLLRLFQIPQISYASTSAKLSDKSRYDYFARTVPPDFFQAKAMAEILRFFNWTYVSTVASEGDYGETGIEAFELEARARNICVATSEKVGRAMSRAAFEGVVRALLQKPSARVAVLFTRSEDARELLAASQRLNASFTWVASDGWGALESVVAGSEGAAEGAITIELASYPISDFASYFQSLDPWNNSRNPWFREFWEQRFRCSFRQRDCAAHSLRAVPFEQESKIMFVVNAVYAMAHALHNMHRALCPNTTRLCDAMRPVNGRRLYKDFVLNVKFDAPFRPADTHNEVRFDRFGDGIGRYNIFTYLRAGSGRYRYQKVGYWAEGLTLDTSLIPWASPSAGPLPASRCSEPCLQNEVKSVQPGEVCCWLCIPCQPYEYRLDEFTCADCGLGYWPNASLTGCFELPQEYIRWGDAWAVGPVTIACLGALATLFVLGVFVRHNATPVVKASGRELCYILLGGVFLCYCMTFIFIAKPSTAVCTLRRLGLGTAFSVCYSALLTKTNRIARIFGGAREGAQRPRFISPASQVAICLALISGQLLIVVAWLVVEAPGTGKETAPERREVVTLRCNHRDASMLGSLAYNVLLIALCTLYAFKTRKCPENFNEAKFIGFTMYTTCIIWLAFLPIFYVTSSDYRVQTTTMCVSVSLSGSVVLGCLFAPKLHIILFQPQKNVVSHRAPTSRFGSAAARASSSLGQGSGSQFVPTVCNGREVVDSTTSSL,0.0,00000000000000000000000000000000000000000000000000000000000000000000000000000000000000011111111111111111111111100000000000000000000000000000000000000000000000000000000000000000000000000000000000000000000000000000000000000000000000000000000000000000000000000000000000000000000000000000000000000000000000000000000000000000000000000000000000000000000000000000000000000000000000000000000000000000000000000000000000000000000000000000000000000000100000000000000000000000000000000000000000000000000000000000000000000000000000000000000000000000000000000000000000000000000000000000000000000000000000000000000000000000000000000000000000000000000000111111111110000000000000000000000000000000000000000000000000000000000000000000000000000000000000000000000000000000000000000000000000000000000000000000000000000000,0.8522612165957266,148,275,19.857077,4.2376285,0.7888333391809639,0.8115,0.5153,2021,34194039,44.0,95.96032563337766,/mnt/nas/research-data/luwei/dynamicbind_data/pdbbind_v11//pocket_aligned_fill_missing/Q14416/4xas.sdf,/mnt/nas/research-data/luwei/dynamicbind_data/database/wholePDB_v3//pocket_aligned_fill_missing/Q14416/af2_7mtr_ZQY_A_aligned.pdb,CCCc1cc2c(NCCc3ccc(OCc4nnn[nH]4)cc3)nc(OC)nc2s1
7m3j_YP1_A,7m3j_A,7m3j_YP1_A,P41180,/mnt/nas/research-data/luwei/dynamicbind_data/database/wholePDB_v3//pocket_aligned_fill_missing/P41180/7m3j_YP1_A_aligned_to_P41180_refined.pdb,/mnt/nas/research-data/luwei/dynamicbind_data/database/wholePDB_v3//pocket_aligned_fill_missing/P41180/7m3j_YP1_A.sdf,/mnt/nas/research-data/luwei/dynamicbind_data/database/wholePDB_v3//pocket_aligned_fill_missing/P41180/af2_7m3j_YP1_A_aligned.pdb,17.933779,2.99246,0.8710750468295433,0.7651,0.5403,0.81157,1.1400247895506015,777,-74,7m3j,2021-06-30,13146,11326,13920,14763,505,YP1,CC(C)(Cc1ccc2ccccc2c1)NCC(O)COc1cccc(Cl)c1C#N,408.92900000000014,29,GPCR,GPCR,G-protein coupled receptor 3 family,/mnt/nas/research-data/luwei/dynamicbind_data/database/wholePDB_v3//pocket_aligned_fill_missing/P41180/af2_7m3j_YP1_A_aligned.pdb,CASR_HUMAN,0.9130434782608696,851,851,777,QRAQKKGDIILGGLFPIHFGVAAKDQDLKSRPESVECIRYNFRGFRWLQAMIFAIEEINSSPALLPNLTLGYRIFDTCNTVSKALEATLSFVAQNKIDSLNLDEFCNCSEHIPSTIAVVGATGSGVSTAVANLLGLFYIPQVSYASSSRLLSNKNQFKSFLRTIPNDEHQATAMADIIEYFRWNWVGTIAADDDYGRPGIEKFREEAEERDICIDFSELISQYSDEEEIQHVVEVIQNSTAKVIVVFSSGPDLEPLIKEIVRRNITGKIWLASEAWASSSLIAMPQYFHVVGGTIGFALKAGQIPGFREFLKKVHPRKSVHNGFAKEFWEETFNCHLQEGAKGPLPVDTFLRGHEESGDRFSNSSTAFRPLCTGDENISSVETPYIDYTHLRISYNVYLAVYSIAHALQDIYTCLPGRGLFTNGSCADIKKVEAWQVLKHLRHLNFTNNMGEQVTFDECGDLVGNYSIINWHLSPEDGSIVFKEVGYYNVYAKKGERLFINEEKILWSGFSREVPFSNCSRDCLAGTRKGIIEGEPTCCFECVECPDGEYSDETDASACNKCPDDFWSNENHTSCIAKEIEFLSWTEPFGIALTLFAVLGIFLTAFVLGVFIKFRNTPIVKATNRELSYLLLFSLLCCFSSSLFFIGEPQDWTCRLRQPAFGISFVLCISCILVKTNRVLLVFEAKIPTSFHRKWWGLNLQFLLVFLCTFMQIVICVIWLYTAPPSSYRNQELEDEIIFITCHEGSLMALGFLIGYTCLLAAICFFFAFKSRKLPENFNEAKFITFSMLIFFIVWISFIPAYASTYGKFVSAVEVIAILAASFGLLACIFFNKIYIILFKPSRNTIEEVRC,QRAQKKGDIILGGLFPIHFGVAAKDQDLKSRPESVECIRYNFRGFRWLQAMIFAIEEINSSPALLPNLTLGYRIFDTCNTVSKALEATLSFVAQNKI---------------PSTIAVVGATGSGVSTAVANLLGLFYIPQVSYASSSRLLSNKNQFKSFLRTIPNDEHQATAMADIIEYFRWNWVGTIAADDDYGRPGIEKFREEAEERDICIDFSELISQYSDEEEIQHVVEVIQNSTAKVIVVFSSGPDLEPLIKEIVRRNITGKIWLASEAWASSSLIAMPQYFHVVGGTIGFALKAGQIPGFREFLKKVHPRKSVHNGFAKEFWEETF-------------------------------------------NISSVETPYIDYTHLRISYNVYLAVYSIAHALQDIYTCLPGRGLFTNGSCADIKKVEAWQVLKHLRHLNFTNNMGEQVTFDECGDLVGNYSIINWHLSPEDGSIVFKEVGYYNVYAKKGERLFINEEKILWSGFSREVPFSNCSRDCLAGTRKGIIEGEPTCCFECVECPDGEYSDETDASACNKCPDDFWSNENHTSCIAKEIEFLSWTEPFGIALTLFAVLGIFLTAFVLGVFIKFRNTPIVKATNRELSYLLLFSLLCCFSSSLFFIGEPQDWTCRLRQPAFGISFVLCISCILVKTNRVLL----------------LNLQFLLVFLCTFMQIVICVIWLYTAPPSSYRNQELEDEIIFITCHEGSLMALGFLIGYTCLLAAICFFFAFKSRKLPENFNEAKFITFSMLIFFIVWISFIPAYASTYGKFVSAVEVIAILAASFGLLACIFFNKIYIILFKPSRNTIEEVRC,23,874,MAFYSCCWVLLALTWHTSAYGPDQRAQKKGDIILGGLFPIHFGVAAKDQDLKSRPESVECIRYNFRGFRWLQAMIFAIEEINSSPALLPNLTLGYRIFDTCNTVSKALEATLSFVAQNKIDSLNLDEFCNCSEHIPSTIAVVGATGSGVSTAVANLLGLFYIPQVSYASSSRLLSNKNQFKSFLRTIPNDEHQATAMADIIEYFRWNWVGTIAADDDYGRPGIEKFREEAEERDICIDFSELISQYSDEEEIQHVVEVIQNSTAKVIVVFSSGPDLEPLIKEIVRRNITGKIWLASEAWASSSLIAMPQYFHVVGGTIGFALKAGQIPGFREFLKKVHPRKSVHNGFAKEFWEETFNCHLQEGAKGPLPVDTFLRGHEESGDRFSNSSTAFRPLCTGDENISSVETPYIDYTHLRISYNVYLAVYSIAHALQDIYTCLPGRGLFTNGSCADIKKVEAWQVLKHLRHLNFTNNMGEQVTFDECGDLVGNYSIINWHLSPEDGSIVFKEVGYYNVYAKKGERLFINEEKILWSGFSREVPFSNCSRDCLAGTRKGIIEGEPTCCFECVECPDGEYSDETDASACNKCPDDFWSNENHTSCIAKEIEFLSWTEPFGIALTLFAVLGIFLTAFVLGVFIKFRNTPIVKATNRELSYLLLFSLLCCFSSSLFFIGEPQDWTCRLRQPAFGISFVLCISCILVKTNRVLLVFEAKIPTSFHRKWWGLNLQFLLVFLCTFMQIVICVIWLYTAPPSSYRNQELEDEIIFITCHEGSLMALGFLIGYTCLLAAICFFFAFKSRKLPENFNEAKFITFSMLIFFIVWISFIPAYASTYGKFVSAVEVIAILAASFGLLACIFFNKIYIILFKPSRNTIEEVRCSTAAHAFKVAARATLRRSNVSRKRSSSLGGSTGSTPSSSISSKSNSEDPFPQPERQKQQQPLALTQQEQQQQPLTLPQQQRSQQQPRCKQKVIFGSGTVTFSLSFDEPQKNAMAHRNSTHQNSLEAQKSSDTLTRHEPLLPLQCGETDLDLTVQETGLQGPVGGDQRPEVEDPEELSPALVVSSSQSFVISGGGSTVTENVVNS,-0.0,00000000000000000000000000000000000000000000000000000000000000000000000000000000000000000000000001111111111111110000000000000000000000000000000000000000000000000000000000000000000000000000000000000000000000000000000000000000000000000000000000000000000000000000000000000000000000000000000000000000000000000000000000000000000000000000011111111111111111111111111111111111111111110000000000000000000000000000000000000000000000000000000000000000000000000000000000000000000000000000000000000000000000000000000000000000000000000000000000000000000000000000000000000000000000000000000000000000000000000000000000000000000000000000000000000000000000000000000000000000000000000000000000000000011111111111111110000000000000000000000000000000000000000000000000000000000000000000000000000000000000000000000000000000000000000000000000000000000000000000000000000000000,0.9577126722020214,98,174,18.016655,2.99246,0.8710750468295433,0.7728,0.5403,2021,34194040,29.0,92.56818817904896,/mnt/nas/research-data/luwei/dynamicbind_data/pdbbind_v11//pocket_aligned_fill_missing/P41180/5k5s.sdf,/mnt/nas/research-data/luwei/dynamicbind_data/database/wholePDB_v3//pocket_aligned_fill_missing/P41180/af2_7m3j_YP1_A_aligned.pdb,CC(C)(Cc1ccc2ccccc2c1)NCC(O)COc1cccc(Cl)c1C#N
7m3g_H43_A,7m3g_A,7m3g_H43_A,P41180,/mnt/nas/research-data/luwei/dynamicbind_data/database/wholePDB_v3//pocket_aligned_fill_missing/P41180/7m3g_H43_A_aligned_to_P41180_refined.pdb,/mnt/nas/research-data/luwei/dynamicbind_data/database/wholePDB_v3//pocket_aligned_fill_missing/P41180/7m3g_H43_A.sdf,/mnt/nas/research-data/luwei/dynamicbind_data/database/wholePDB_v3//pocket_aligned_fill_missing/P41180/af2_7m3g_H43_A_aligned.pdb,26.369274,1.3985822,0.5197818149755495,0.8384,0.581,0.78068,1.0005683616526064,821,-47,7m3g,2021-06-30,13146,11326,13920,14763,505,H43,CC(NC1CCN(c2ccc(CC(=O)O)cc2)C1)c1cccc2ccccc12,374.484,28,GPCR,GPCR,G-protein coupled receptor 3 family,/mnt/nas/research-data/luwei/dynamicbind_data/database/wholePDB_v3//pocket_aligned_fill_missing/P41180/af2_7m3g_H43_A_aligned.pdb,CASR_HUMAN,0.945852534562212,868,868,821,YGPDQRAQKKGDIILGGLFPIHFGVAAKDQDLKSRPESVECIRYNFRGFRWLQAMIFAIEEINSSPALLPNLTLGYRIFDTCNTVSKALEATLSFVAQNKIDSLNLDEFCNCSEHIPSTIAVVGATGSGVSTAVANLLGLFYIPQVSYASSSRLLSNKNQFKSFLRTIPNDEHQATAMADIIEYFRWNWVGTIAADDDYGRPGIEKFREEAEERDICIDFSELISQYSDEEEIQHVVEVIQNSTAKVIVVFSSGPDLEPLIKEIVRRNITGKIWLASEAWASSSLIAMPQYFHVVGGTIGFALKAGQIPGFREFLKKVHPRKSVHNGFAKEFWEETFNCHLQEGAKGPLPVDTFLRGHEESGDRFSNSSTAFRPLCTGDENISSVETPYIDYTHLRISYNVYLAVYSIAHALQDIYTCLPGRGLFTNGSCADIKKVEAWQVLKHLRHLNFTNNMGEQVTFDECGDLVGNYSIINWHLSPEDGSIVFKEVGYYNVYAKKGERLFINEEKILWSGFSREVPFSNCSRDCLAGTRKGIIEGEPTCCFECVECPDGEYSDETDASACNKCPDDFWSNENHTSCIAKEIEFLSWTEPFGIALTLFAVLGIFLTAFVLGVFIKFRNTPIVKATNRELSYLLLFSLLCCFSSSLFFIGEPQDWTCRLRQPAFGISFVLCISCILVKTNRVLLVFEAKIPTSFHRKWWGLNLQFLLVFLCTFMQIVICVIWLYTAPPSSYRNQELEDEIIFITCHEGSLMALGFLIGYTCLLAAICFFFAFKSRKLPENFNEAKFITFSMLIFFIVWISFIPAYASTYGKFVSAVEVIAILAASFGLLACIFFNKIYIILFKPSRNTIEEVRCSTAAHAFKVAARA,YGPDQRAQKKGDIILGGLFPIHFGVAAKDQDLKSRPESVECIRYNFRGFRWLQAMIFAIEEINSSPALLPNLTLGYRIFDTCNTVSKALEATLSFVAQNKIDSLNLD----CSEHIPSTIAVVGATGSGVSTAVANLLGLFYIPQVSYASSSRLLSNKNQFKSFLRTIPNDEHQATAMADIIEYFRWNWVGTIAADDDYGRPGIEKFREEAEERDICIDFSELISQYSDEEEIQHVVEVIQNSTAKVIVVFSSGPDLEPLIKEIVRRNITGKIWLASEAWASSSLIAMPQYFHVVGGTIGFALKAGQIPGFREFLKKVHPRKSVHNGFAKEFWEETFNCHLQE----------------------------FRPLCTGDENISSVETPYIDYTHLRISYNVYLAVYSIAHALQDIYTCLPGRGLFTNGSCADIKKVEAWQVLKHLRHLNFTNNMGEQVTFDECGDLVGNYSIINWHLSPEDGSIVFKEVGYYNVYAKKGERLFINEEKILWSGFSREVPFSNCSRDCLAGTRKGIIEGEPTCCFECVECPDGEYSDETDASACNKCPDDFWSNENHTSCIAKEIEFLSWTEPFGIALTLFAVLGIFLTAFVLGVFIKFRNTPIVKATNRELSYLLLFSLLCCFSSSLFFIGEPQDWTCRLRQPAFGISFVLCISCILVKTNRVLLVF---------------NLQFLLVFLCTFMQIVICVIWLYTAPPSSYRNQELEDEIIFITCHEGSLMALGFLIGYTCLLAAICFFFAFKSRKLPENFNEAKFITFSMLIFFIVWISFIPAYASTYGKFVSAVEVIAILAASFGLLACIFFNKIYIILFKPSRNTIEEVRCSTAAHAFKVAARA,19,887,MAFYSCCWVLLALTWHTSAYGPDQRAQKKGDIILGGLFPIHFGVAAKDQDLKSRPESVECIRYNFRGFRWLQAMIFAIEEINSSPALLPNLTLGYRIFDTCNTVSKALEATLSFVAQNKIDSLNLDEFCNCSEHIPSTIAVVGATGSGVSTAVANLLGLFYIPQVSYASSSRLLSNKNQFKSFLRTIPNDEHQATAMADIIEYFRWNWVGTIAADDDYGRPGIEKFREEAEERDICIDFSELISQYSDEEEIQHVVEVIQNSTAKVIVVFSSGPDLEPLIKEIVRRNITGKIWLASEAWASSSLIAMPQYFHVVGGTIGFALKAGQIPGFREFLKKVHPRKSVHNGFAKEFWEETFNCHLQEGAKGPLPVDTFLRGHEESGDRFSNSSTAFRPLCTGDENISSVETPYIDYTHLRISYNVYLAVYSIAHALQDIYTCLPGRGLFTNGSCADIKKVEAWQVLKHLRHLNFTNNMGEQVTFDECGDLVGNYSIINWHLSPEDGSIVFKEVGYYNVYAKKGERLFINEEKILWSGFSREVPFSNCSRDCLAGTRKGIIEGEPTCCFECVECPDGEYSDETDASACNKCPDDFWSNENHTSCIAKEIEFLSWTEPFGIALTLFAVLGIFLTAFVLGVFIKFRNTPIVKATNRELSYLLLFSLLCCFSSSLFFIGEPQDWTCRLRQPAFGISFVLCISCILVKTNRVLLVFEAKIPTSFHRKWWGLNLQFLLVFLCTFMQIVICVIWLYTAPPSSYRNQELEDEIIFITCHEGSLMALGFLIGYTCLLAAICFFFAFKSRKLPENFNEAKFITFSMLIFFIVWISFIPAYASTYGKFVSAVEVIAILAASFGLLACIFFNKIYIILFKPSRNTIEEVRCSTAAHAFKVAARATLRRSNVSRKRSSSLGGSTGSTPSSSISSKSNSEDPFPQPERQKQQQPLALTQQEQQQQPLTLPQQQRSQQQPRCKQKVIFGSGTVTFSLSFDEPQKNAMAHRNSTHQNSLEAQKSSDTLTRHEPLLPLQCGETDLDLTVQETGLQGPVGGDQRPEVEDPEELSPALVVSSSQSFVISGGGSTVTENVVNS,0.0,0000000000000000000000000000000000000000000000000000000000000000000000000000000000000000000000000000000000011110000000000000000000000000000000000000000000000000000000000000000000000000000000000000000000000000000000000000000000000000000000000000000000000000000000000000000000000000000000000000000000000000000000000000000000000000000000000000000111111111111111111111111111100000000000000000000000000000000000000000000000000000000000000000000000000000000000000000000000000000000000000000000000000000000000000000000000000000000000000000000000000000000000000000000000000000000000000000000000000000000000000000000000000000000000000000000000000000000000000000000000000000000000000000000000000001111111111111110000000000000000000000000000000000000000000000000000000000000000000000000000000000000000000000000000000000000000000000000000000000000000000000000000000000000000000000,0.5596567842169048,80,172,26.073233,1.3985822,0.5197818149755495,0.844,0.581,2021,34194040,29.0,94.4435731643076,/mnt/nas/research-data/luwei/dynamicbind_data/pdbbind_v11//pocket_aligned_fill_missing/P41180/5k5s.sdf,/mnt/nas/research-data/luwei/dynamicbind_data/database/wholePDB_v3//pocket_aligned_fill_missing/P41180/af2_7m3g_H43_A_aligned.pdb,CC(NC1CCN(c2ccc(CC(=O)O)cc2)C1)c1cccc2ccccc12
7m3f_YP4_A,7m3f_A,7m3f_YP4_A,P41180,/mnt/nas/research-data/luwei/dynamicbind_data/database/wholePDB_v3//pocket_aligned_fill_missing/P41180/7m3f_YP4_A_aligned_to_P41180_refined.pdb,/mnt/nas/research-data/luwei/dynamicbind_data/database/wholePDB_v3//pocket_aligned_fill_missing/P41180/7m3f_YP4_A.sdf,/mnt/nas/research-data/luwei/dynamicbind_data/database/wholePDB_v3//pocket_aligned_fill_missing/P41180/af2_7m3f_YP4_A_aligned.pdb,29.302748,1.5051007,0.5549204476766968,0.8337,0.5936,0.73165,0.9812925088080524,818,-50,7m3f,2021-06-30,13146,11326,13920,14763,505,YP4,CC(NCCCc1cccc(C(F)(F)F)c1)c1cccc2ccccc12,357.41900000000004,26,GPCR,GPCR,G-protein coupled receptor 3 family,/mnt/nas/research-data/luwei/dynamicbind_data/database/wholePDB_v3//pocket_aligned_fill_missing/P41180/af2_7m3f_YP4_A_aligned.pdb,CASR_HUMAN,0.9423963133640552,868,868,818,YGPDQRAQKKGDIILGGLFPIHFGVAAKDQDLKSRPESVECIRYNFRGFRWLQAMIFAIEEINSSPALLPNLTLGYRIFDTCNTVSKALEATLSFVAQNKIDSLNLDEFCNCSEHIPSTIAVVGATGSGVSTAVANLLGLFYIPQVSYASSSRLLSNKNQFKSFLRTIPNDEHQATAMADIIEYFRWNWVGTIAADDDYGRPGIEKFREEAEERDICIDFSELISQYSDEEEIQHVVEVIQNSTAKVIVVFSSGPDLEPLIKEIVRRNITGKIWLASEAWASSSLIAMPQYFHVVGGTIGFALKAGQIPGFREFLKKVHPRKSVHNGFAKEFWEETFNCHLQEGAKGPLPVDTFLRGHEESGDRFSNSSTAFRPLCTGDENISSVETPYIDYTHLRISYNVYLAVYSIAHALQDIYTCLPGRGLFTNGSCADIKKVEAWQVLKHLRHLNFTNNMGEQVTFDECGDLVGNYSIINWHLSPEDGSIVFKEVGYYNVYAKKGERLFINEEKILWSGFSREVPFSNCSRDCLAGTRKGIIEGEPTCCFECVECPDGEYSDETDASACNKCPDDFWSNENHTSCIAKEIEFLSWTEPFGIALTLFAVLGIFLTAFVLGVFIKFRNTPIVKATNRELSYLLLFSLLCCFSSSLFFIGEPQDWTCRLRQPAFGISFVLCISCILVKTNRVLLVFEAKIPTSFHRKWWGLNLQFLLVFLCTFMQIVICVIWLYTAPPSSYRNQELEDEIIFITCHEGSLMALGFLIGYTCLLAAICFFFAFKSRKLPENFNEAKFITFSMLIFFIVWISFIPAYASTYGKFVSAVEVIAILAASFGLLACIFFNKIYIILFKPSRNTIEEVRCSTAAHAFKVAARA,YGPDQRAQKKGDIILGGLFPIHFGVAAKDQDLKSRPESVECIRYNFRGFRWLQAMIFAIEEINSSPALLPNLTLGYRIFDTCNTVSKALEATLSFVAQNKIDSLNL-----CSEHIPSTIAVVGATGSGVSTAVANLLGLFYIPQVSYASSSRLLSNKNQFKSFLRTIPNDEHQATAMADIIEYFRWNWVGTIAADDDYGRPGIEKFREEAEERDICIDFSELISQYSDEEEIQHVVEVIQNSTAKVIVVFSSGPDLEPLIKEIVRRNITGKIWLASEAWASSSLIAMPQYFHVVGGTIGFALKAGQIPGFREFLKKVHPRKSVHNGFAKEFWEETFNCHLQE----------------------------FRPLCTGDENISSVETPYIDYTHLRISYNVYLAVYSIAHALQDIYTCLPGRGLFTNGSCADIKKVEAWQVLKHLRHLNFTNNMGEQVTFDECGDLVGNYSIINWHLSPEDGSIVFKEVGYYNVYAKKGERLFINEEKILWSGFSREVPFSNCSRDCLAGTRKGIIEGEPTCCFECVECPDGEYSDETDASACNKCPDDFWSNENHTSCIAKEIEFLSWTEPFGIALTLFAVLGIFLTAFVLGVFIKFRNTPIVKATNRELSYLLLFSLLCCFSSSLFFIGEPQDWTCRLRQPAFGISFVLCISCILVKTNRVL-----------------LNLQFLLVFLCTFMQIVICVIWLYTAPPSSYRNQELEDEIIFITCHEGSLMALGFLIGYTCLLAAICFFFAFKSRKLPENFNEAKFITFSMLIFFIVWISFIPAYASTYGKFVSAVEVIAILAASFGLLACIFFNKIYIILFKPSRNTIEEVRCSTAAHAFKVAARA,19,887,MAFYSCCWVLLALTWHTSAYGPDQRAQKKGDIILGGLFPIHFGVAAKDQDLKSRPESVECIRYNFRGFRWLQAMIFAIEEINSSPALLPNLTLGYRIFDTCNTVSKALEATLSFVAQNKIDSLNLDEFCNCSEHIPSTIAVVGATGSGVSTAVANLLGLFYIPQVSYASSSRLLSNKNQFKSFLRTIPNDEHQATAMADIIEYFRWNWVGTIAADDDYGRPGIEKFREEAEERDICIDFSELISQYSDEEEIQHVVEVIQNSTAKVIVVFSSGPDLEPLIKEIVRRNITGKIWLASEAWASSSLIAMPQYFHVVGGTIGFALKAGQIPGFREFLKKVHPRKSVHNGFAKEFWEETFNCHLQEGAKGPLPVDTFLRGHEESGDRFSNSSTAFRPLCTGDENISSVETPYIDYTHLRISYNVYLAVYSIAHALQDIYTCLPGRGLFTNGSCADIKKVEAWQVLKHLRHLNFTNNMGEQVTFDECGDLVGNYSIINWHLSPEDGSIVFKEVGYYNVYAKKGERLFINEEKILWSGFSREVPFSNCSRDCLAGTRKGIIEGEPTCCFECVECPDGEYSDETDASACNKCPDDFWSNENHTSCIAKEIEFLSWTEPFGIALTLFAVLGIFLTAFVLGVFIKFRNTPIVKATNRELSYLLLFSLLCCFSSSLFFIGEPQDWTCRLRQPAFGISFVLCISCILVKTNRVLLVFEAKIPTSFHRKWWGLNLQFLLVFLCTFMQIVICVIWLYTAPPSSYRNQELEDEIIFITCHEGSLMALGFLIGYTCLLAAICFFFAFKSRKLPENFNEAKFITFSMLIFFIVWISFIPAYASTYGKFVSAVEVIAILAASFGLLACIFFNKIYIILFKPSRNTIEEVRCSTAAHAFKVAARATLRRSNVSRKRSSSLGGSTGSTPSSSISSKSNSEDPFPQPERQKQQQPLALTQQEQQQQPLTLPQQQRSQQQPRCKQKVIFGSGTVTFSLSFDEPQKNAMAHRNSTHQNSLEAQKSSDTLTRHEPLLPLQCGETDLDLTVQETGLQGPVGGDQRPEVEDPEELSPALVVSSSQSFVISGGGSTVTENVVNS,0.0,0000000000000000000000000000000000000000000000000000000000000000000000000000000000000000000000000000000000111110000000000000000000000000000000000000000000000000000000000000000000000000000000000000000000000000000000000000000000000000000000000000000000000000000000000000000000000000000000000000000000000000000000000000000000000000000000000000000111111111111111111111111111100000000000000000000000000000000000000000000000000000000000000000000000000000000000000000000000000000000000000000000000000000000000000000000000000000000000000000000000000000000000000000000000000000000000000000000000000000000000000000000000000000000000000000000000000000000000000000000000000000000000000000000000001111111111111111100000000000000000000000000000000000000000000000000000000000000000000000000000000000000000000000000000000000000000000000000000000000000000000000000000000000000000000000,0.5816016185162167,87,176,28.91652,1.5051007,0.5549204476766968,0.841,0.5936,2021,34194040,29.0,94.7061144278309,/mnt/nas/research-data/luwei/dynamicbind_data/pdbbind_v11//pocket_aligned_fill_missing/P41180/5k5s.sdf,/mnt/nas/research-data/luwei/dynamicbind_data/database/wholePDB_v3//pocket_aligned_fill_missing/P41180/af2_7m3f_YP4_A_aligned.pdb,CC(NCCCc1cccc(C(F)(F)F)c1)c1cccc2ccccc12
7m3e_YP1_A,7m3e_A,7m3e_YP1_A,P41180,/mnt/nas/research-data/luwei/dynamicbind_data/database/wholePDB_v3//pocket_aligned_fill_missing/P41180/7m3e_YP1_A_aligned_to_P41180_refined.pdb,/mnt/nas/research-data/luwei/dynamicbind_data/database/wholePDB_v3//pocket_aligned_fill_missing/P41180/7m3e_YP1_A.sdf,/mnt/nas/research-data/luwei/dynamicbind_data/database/wholePDB_v3//pocket_aligned_fill_missing/P41180/af2_7m3e_YP1_A_aligned.pdb,29.43715,2.4139998,0.8571733437607317,0.8328,0.6099,0.75386,1.0555331350029584,810,-47,7m3e,2021-06-30,13146,11326,13920,14763,505,YP1,CC(C)(Cc1ccc2ccccc2c1)NCC(O)COc1cccc(Cl)c1C#N,408.92900000000014,29,GPCR,GPCR,G-protein coupled receptor 3 family,/mnt/nas/research-data/luwei/dynamicbind_data/database/wholePDB_v3//pocket_aligned_fill_missing/P41180/af2_7m3e_YP1_A_aligned.pdb,CASR_HUMAN,0.9451575262543758,857,857,810,YGPDQRAQKKGDIILGGLFPIHFGVAAKDQDLKSRPESVECIRYNFRGFRWLQAMIFAIEEINSSPALLPNLTLGYRIFDTCNTVSKALEATLSFVAQNKIDSLNLDEFCNCSEHIPSTIAVVGATGSGVSTAVANLLGLFYIPQVSYASSSRLLSNKNQFKSFLRTIPNDEHQATAMADIIEYFRWNWVGTIAADDDYGRPGIEKFREEAEERDICIDFSELISQYSDEEEIQHVVEVIQNSTAKVIVVFSSGPDLEPLIKEIVRRNITGKIWLASEAWASSSLIAMPQYFHVVGGTIGFALKAGQIPGFREFLKKVHPRKSVHNGFAKEFWEETFNCHLQEGAKGPLPVDTFLRGHEESGDRFSNSSTAFRPLCTGDENISSVETPYIDYTHLRISYNVYLAVYSIAHALQDIYTCLPGRGLFTNGSCADIKKVEAWQVLKHLRHLNFTNNMGEQVTFDECGDLVGNYSIINWHLSPEDGSIVFKEVGYYNVYAKKGERLFINEEKILWSGFSREVPFSNCSRDCLAGTRKGIIEGEPTCCFECVECPDGEYSDETDASACNKCPDDFWSNENHTSCIAKEIEFLSWTEPFGIALTLFAVLGIFLTAFVLGVFIKFRNTPIVKATNRELSYLLLFSLLCCFSSSLFFIGEPQDWTCRLRQPAFGISFVLCISCILVKTNRVLLVFEAKIPTSFHRKWWGLNLQFLLVFLCTFMQIVICVIWLYTAPPSSYRNQELEDEIIFITCHEGSLMALGFLIGYTCLLAAICFFFAFKSRKLPENFNEAKFITFSMLIFFIVWISFIPAYASTYGKFVSAVEVIAILAASFGLLACIFFNKIYIILFKPSRNTIEEVRCST,YGPDQRAQKKGDIILGGLFPIHFGVAAKDQDLKSRPESVECIRYNFRGFRWLQAMIFAIEEINSSPALLPNLTLGYRIFDTCNTVSKALEATLSFVAQNKIDSLNLD----CSEHIPSTIAVVGATGSGVSTAVANLLGLFYIPQVSYASSSRLLSNKNQFKSFLRTIPNDEHQATAMADIIEYFRWNWVGTIAADDDYGRPGIEKFREEAEERDICIDFSELISQYSDEEEIQHVVEVIQNSTAKVIVVFSSGPDLEPLIKEIVRRNITGKIWLASEAWASSSLIAMPQYFHVVGGTIGFALKAGQIPGFREFLKKVHPRKSVHNGFAKEFWEETFNCHLQ-----------------------------FRPLCTGDENISSVETPYIDYTHLRISYNVYLAVYSIAHALQDIYTCLPGRGLFTNGSCADIKKVEAWQVLKHLRHLNFTNNMGEQVTFDECGDLVGNYSIINWHLSPEDGSIVFKEVGYYNVYAKKGERLFINEEKILWSGFSREVPFSNCSRDCLAGTRKGIIEGEPTCCFECVECPDGEYSDETDASACNKCPDDFWSNENHTSCIAKEIEFLSWTEPFGIALTLFAVLGIFLTAFVLGVFIKFRNTPIVKATNRELSYLLLFSLLCCFSSSLFFIGEPQDWTCRLRQPAFGISFVLCISCILVKTNRVLLVF--------------LNLQFLLVFLCTFMQIVICVIWLYTAPPSSYRNQELEDEIIFITCHEGSLMALGFLIGYTCLLAAICFFFAFKSRKLPENFNEAKFITFSMLIFFIVWISFIPAYASTYGKFVSAVEVIAILAASFGLLACIFFNKIYIILFKPSRNTIEEVRCST,19,876,MAFYSCCWVLLALTWHTSAYGPDQRAQKKGDIILGGLFPIHFGVAAKDQDLKSRPESVECIRYNFRGFRWLQAMIFAIEEINSSPALLPNLTLGYRIFDTCNTVSKALEATLSFVAQNKIDSLNLDEFCNCSEHIPSTIAVVGATGSGVSTAVANLLGLFYIPQVSYASSSRLLSNKNQFKSFLRTIPNDEHQATAMADIIEYFRWNWVGTIAADDDYGRPGIEKFREEAEERDICIDFSELISQYSDEEEIQHVVEVIQNSTAKVIVVFSSGPDLEPLIKEIVRRNITGKIWLASEAWASSSLIAMPQYFHVVGGTIGFALKAGQIPGFREFLKKVHPRKSVHNGFAKEFWEETFNCHLQEGAKGPLPVDTFLRGHEESGDRFSNSSTAFRPLCTGDENISSVETPYIDYTHLRISYNVYLAVYSIAHALQDIYTCLPGRGLFTNGSCADIKKVEAWQVLKHLRHLNFTNNMGEQVTFDECGDLVGNYSIINWHLSPEDGSIVFKEVGYYNVYAKKGERLFINEEKILWSGFSREVPFSNCSRDCLAGTRKGIIEGEPTCCFECVECPDGEYSDETDASACNKCPDDFWSNENHTSCIAKEIEFLSWTEPFGIALTLFAVLGIFLTAFVLGVFIKFRNTPIVKATNRELSYLLLFSLLCCFSSSLFFIGEPQDWTCRLRQPAFGISFVLCISCILVKTNRVLLVFEAKIPTSFHRKWWGLNLQFLLVFLCTFMQIVICVIWLYTAPPSSYRNQELEDEIIFITCHEGSLMALGFLIGYTCLLAAICFFFAFKSRKLPENFNEAKFITFSMLIFFIVWISFIPAYASTYGKFVSAVEVIAILAASFGLLACIFFNKIYIILFKPSRNTIEEVRCSTAAHAFKVAARATLRRSNVSRKRSSSLGGSTGSTPSSSISSKSNSEDPFPQPERQKQQQPLALTQQEQQQQPLTLPQQQRSQQQPRCKQKVIFGSGTVTFSLSFDEPQKNAMAHRNSTHQNSLEAQKSSDTLTRHEPLLPLQCGETDLDLTVQETGLQGPVGGDQRPEVEDPEELSPALVVSSSQSFVISGGGSTVTENVVNS,-0.0,00000000000000000000000000000000000000000000000000000000000000000000000000000000000000000000000000000000000111100000000000000000000000000000000000000000000000000000000000000000000000000000000000000000000000000000000000000000000000000000000000000000000000000000000000000000000000000000000000000000000000000000000000000000000000000000000000000011111111111111111111111111111000000000000000000000000000000000000000000000000000000000000000000000000000000000000000000000000000000000000000000000000000000000000000000000000000000000000000000000000000000000000000000000000000000000000000000000000000000000000000000000000000000000000000000000000000000000000000000000000000000000000000000000000000011111111111111000000000000000000000000000000000000000000000000000000000000000000000000000000000000000000000000000000000000000000000000000000000000000000000000000000000000,0.9412588914231472,98,193,29.166193,2.4139998,0.8571733437607317,0.8367,0.6099,2021,34194040,29.0,92.65669773842184,/mnt/nas/research-data/luwei/dynamicbind_data/pdbbind_v11//pocket_aligned_fill_missing/P41180/5k5s.sdf,/mnt/nas/research-data/luwei/dynamicbind_data/database/wholePDB_v3//pocket_aligned_fill_missing/P41180/af2_7m3e_YP1_A_aligned.pdb,CC(C)(Cc1ccc2ccccc2c1)NCC(O)COc1cccc(Cl)c1C#N
7lck_UK4_R,7lck_R,7lck_UK4_R,P43220,/mnt/nas/research-data/luwei/dynamicbind_data/database/wholePDB_v3//pocket_aligned_fill_missing/P43220/7lck_UK4_R_aligned_to_P43220_refined.pdb,/mnt/nas/research-data/luwei/dynamicbind_data/database/wholePDB_v3//pocket_aligned_fill_missing/P43220/7lck_UK4_R.sdf,/mnt/nas/research-data/luwei/dynamicbind_data/database/wholePDB_v3//pocket_aligned_fill_missing/P43220/af2_7lck_UK4_R_mutated.pdb,6.550441,7.83265,0.6830610533111253,0.7475,0.3437,0.80675,5.424373187230257,390,-6,7lck,2021-01-20,3470,2144,3296,3244,1087,UK4,N#Cc1ccc(COc2cccc(C3CCN(Cc4nc5ccc(C(=O)O)cc5n4CC4CCO4)CC3)n2)c(F)c1,555.6100000000002,41,GPCR,GPCR,G-protein coupled receptor 2 family,/mnt/nas/research-data/luwei/dynamicbind_data/database/wholePDB_v3//pocket_aligned_fill_missing/P43220/af2_7lck_UK4_R_aligned.pdb,GLP1R_HUMAN,0.9823232323232324,396,396,390,ATVSLWETVQKWREYRRQCQRSLTEDPPPATDLFCNRTFDEYACWPDGEPGSFVNVSCPWYLPWASSVPQGHVYRFCTAEGLWLQKDNSSLPWRDLSECEESKRGERSSPEEQLLFLYIIYTVGYALSFSALVIASAILLGFRHLHCTRNYIHLNLFASFILRALSVFIKDAALKWMYSTAAQQHQWDGLLSYQDSLSCRLVFLLMQYCVAANYYWLLVEGVYLYTLLAFSVLSEQWIFRLYVSIGWGVPLLFVVPWGIVKYLYEDEGCWTRNSNMNYWLIIRLPILFAIGVNFLIFVRVICIVVSKLKANLMCKTDIKCRLAKSTLTLIPLLGTHEVIFAFVMDEHARGTLRFIKLFTELSFTSFQGLMVAILYCFVNNEVQLEFRKSWERWRLE,ATVSLWETVQKWREYRRQCQRSLTEDPPPATDLFCNRTFDEYACWPDGEPGSFVNVSCPWYLPWASSVPQGHVYRFCTAEGLWLQKDNSSLPWRDLSECEE------SSPEEQLLFLYIIYTVGYALSFSALVIASAILLGFRHLHCTRNYIHLNLFASFILRALSVFIKDAALKWMYSTAAQQHQWDGLLSYQDSLSCRLVFLLMQYCVAANYYWLLVEGVYLYTLLAFSVFSEQWIFRLYVSIGWGVPLLFVVPWGIVKYLYEDEGCWTRNSNMNYWLIIRLPILFAIGVNFLIFVRVICIVVSKLKANLMCKTDIKCRLAKSTLTLIPLLGTHEVIFAFVMDEHARGTLRFIKLFTELSFTSFQGLMVAILYCFVNNEVQLEFRKSWERWRLE,27,423,MAGAPGPLRLALLLLGMVGRAGPRPQGATVSLWETVQKWREYRRQCQRSLTEDPPPATDLFCNRTFDEYACWPDGEPGSFVNVSCPWYLPWASSVPQGHVYRFCTAEGLWLQKDNSSLPWRDLSECEESKRGERSSPEEQLLFLYIIYTVGYALSFSALVIASAILLGFRHLHCTRNYIHLNLFASFILRALSVFIKDAALKWMYSTAAQQHQWDGLLSYQDSLSCRLVFLLMQYCVAANYYWLLVEGVYLYTLLAFSVLSEQWIFRLYVSIGWGVPLLFVVPWGIVKYLYEDEGCWTRNSNMNYWLIIRLPILFAIGVNFLIFVRVICIVVSKLKANLMCKTDIKCRLAKSTLTLIPLLGTHEVIFAFVMDEHARGTLRFIKLFTELSFTSFQGLMVAILYCFVNNEVQLEFRKSWERWRLEHLHIQRDSSMKPLKCPTSSLSSGATAGSSMYTATCQASCS,1.0,000000000000000000000000000000000000000000000000000000000000000000000000000000000000000000000000000001111110000000000000000000000000000000000000000000000000000000000000000000000000000000000000000000000000000000000000000000000000000000000000000000000000000000000000000000000000000000000000000000000000000000000000000000000000000000000000000000000000000000000000000000000000000000000000000000000000,0.736168639398454,104,197,6.596946,7.83265,0.6830610533111253,0.7495,0.3437,2021,33957078,14.0,5.20575734753377,/mnt/nas/research-data/luwei/dynamicbind_data/pdbbind_v11//pocket_aligned_fill_missing/P43220/5nx2.sdf,/mnt/nas/research-data/luwei/dynamicbind_data/database/wholePDB_v3//pocket_aligned_fill_missing/P43220/af2_7lck_UK4_R_mutated.pdb,N#Cc1ccc(COc2cccc(C3CCN(Cc4nc5ccc(C(=O)O)cc5n4CC4CCO4)CC3)n2)c(F)c1
7lcj_UK4_R,7lcj_R,7lcj_UK4_R,P43220,/mnt/nas/research-data/luwei/dynamicbind_data/database/wholePDB_v3//pocket_aligned_fill_missing/P43220/7lcj_UK4_R_aligned_to_P43220_refined.pdb,/mnt/nas/research-data/luwei/dynamicbind_data/database/wholePDB_v3//pocket_aligned_fill_missing/P43220/7lcj_UK4_R.sdf,/mnt/nas/research-data/luwei/dynamicbind_data/database/wholePDB_v3//pocket_aligned_fill_missing/P43220/af2_7lcj_UK4_R_mutated.pdb,6.56385,7.915844,0.6993423790956204,0.7518,0.3594,0.80585,5.42881684665851,390,-6,7lcj,2021-01-20,3470,2144,3296,3244,1087,UK4,N#Cc1ccc(COc2cccc(C3CCN(Cc4nc5ccc(C(=O)O)cc5n4CC4CCO4)CC3)n2)c(F)c1,555.6100000000002,41,GPCR,GPCR,G-protein coupled receptor 2 family,/mnt/nas/research-data/luwei/dynamicbind_data/database/wholePDB_v3//pocket_aligned_fill_missing/P43220/af2_7lcj_UK4_R_aligned.pdb,GLP1R_HUMAN,0.9823232323232324,396,396,390,ATVSLWETVQKWREYRRQCQRSLTEDPPPATDLFCNRTFDEYACWPDGEPGSFVNVSCPWYLPWASSVPQGHVYRFCTAEGLWLQKDNSSLPWRDLSECEESKRGERSSPEEQLLFLYIIYTVGYALSFSALVIASAILLGFRHLHCTRNYIHLNLFASFILRALSVFIKDAALKWMYSTAAQQHQWDGLLSYQDSLSCRLVFLLMQYCVAANYYWLLVEGVYLYTLLAFSVLSEQWIFRLYVSIGWGVPLLFVVPWGIVKYLYEDEGCWTRNSNMNYWLIIRLPILFAIGVNFLIFVRVICIVVSKLKANLMCKTDIKCRLAKSTLTLIPLLGTHEVIFAFVMDEHARGTLRFIKLFTELSFTSFQGLMVAILYCFVNNEVQLEFRKSWERWRLE,ATVSLWETVQKWREYRRQCQRSLTEDPPPATDLFCNRTFDEYACWPDGEPGSFVNVSCPWYLPWASSVPQGHVYRFCTAEGLWLQKDNSSLPWRDLSECEE------SSPEEQLLFLYIIYTVGYALSFSALVIASAILLGFRHLHCTRNYIHLNLFASFILRALSVFIKDAALKWMYSTAAQQHQWDGLLSYQDSLSCRLVFLLMQYCVAANYYWLLVEGVYLYTLLAFSVFSEQWIFRLYVSIGWGVPLLFVVPWGIVKYLYEDEGCWTRNSNMNYWLIIRLPILFAIGVNFLIFVRVICIVVSKLKANLMCKTDIKCRLAKSTLTLIPLLGTHEVIFAFVMDEHARGTLRFIKLFTELSFTSFQGLMVAILYCFVNNEVQLEFRKSWERWRLE,27,423,MAGAPGPLRLALLLLGMVGRAGPRPQGATVSLWETVQKWREYRRQCQRSLTEDPPPATDLFCNRTFDEYACWPDGEPGSFVNVSCPWYLPWASSVPQGHVYRFCTAEGLWLQKDNSSLPWRDLSECEESKRGERSSPEEQLLFLYIIYTVGYALSFSALVIASAILLGFRHLHCTRNYIHLNLFASFILRALSVFIKDAALKWMYSTAAQQHQWDGLLSYQDSLSCRLVFLLMQYCVAANYYWLLVEGVYLYTLLAFSVLSEQWIFRLYVSIGWGVPLLFVVPWGIVKYLYEDEGCWTRNSNMNYWLIIRLPILFAIGVNFLIFVRVICIVVSKLKANLMCKTDIKCRLAKSTLTLIPLLGTHEVIFAFVMDEHARGTLRFIKLFTELSFTSFQGLMVAILYCFVNNEVQLEFRKSWERWRLEHLHIQRDSSMKPLKCPTSSLSSGATAGSSMYTATCQASCS,1.0,000000000000000000000000000000000000000000000000000000000000000000000000000000000000000000000000000001111110000000000000000000000000000000000000000000000000000000000000000000000000000000000000000000000000000000000000000000000000000000000000000000000000000000000000000000000000000000000000000000000000000000000000000000000000000000000000000000000000000000000000000000000000000000000000000000000000,0.7508474181457407,109,205,6.609356,7.915844,0.6993423790956204,0.7538,0.3594,2021,33957078,14.0,5.233078299484306,/mnt/nas/research-data/luwei/dynamicbind_data/pdbbind_v11//pocket_aligned_fill_missing/P43220/5nx2.sdf,/mnt/nas/research-data/luwei/dynamicbind_data/database/wholePDB_v3//pocket_aligned_fill_missing/P43220/af2_7lcj_UK4_R_mutated.pdb,N#Cc1ccc(COc2cccc(C3CCN(Cc4nc5ccc(C(=O)O)cc5n4CC4CCO4)CC3)n2)c(F)c1
7lci_UK4_R,7lci_R,7lci_UK4_R,P43220,/mnt/nas/research-data/luwei/dynamicbind_data/database/wholePDB_v3//pocket_aligned_fill_missing/P43220/7lci_UK4_R_aligned_to_P43220_refined.pdb,/mnt/nas/research-data/luwei/dynamicbind_data/database/wholePDB_v3//pocket_aligned_fill_missing/P43220/7lci_UK4_R.sdf,/mnt/nas/research-data/luwei/dynamicbind_data/database/wholePDB_v3//pocket_aligned_fill_missing/P43220/af2_7lci_UK4_R_mutated.pdb,6.731609,7.9462633,0.6880362668911271,0.7492,0.3326,0.80756,5.500243756042944,393,-3,7lci,2021-01-20,3470,2144,3296,3244,1087,UK4,N#Cc1ccc(COc2cccc(C3CCN(Cc4nc5ccc(C(=O)O)cc5n4CC4CCO4)CC3)n2)c(F)c1,555.6100000000002,41,GPCR,GPCR,G-protein coupled receptor 2 family,/mnt/nas/research-data/luwei/dynamicbind_data/database/wholePDB_v3//pocket_aligned_fill_missing/P43220/af2_7lci_UK4_R_aligned.pdb,GLP1R_HUMAN,0.98989898989899,396,396,393,ATVSLWETVQKWREYRRQCQRSLTEDPPPATDLFCNRTFDEYACWPDGEPGSFVNVSCPWYLPWASSVPQGHVYRFCTAEGLWLQKDNSSLPWRDLSECEESKRGERSSPEEQLLFLYIIYTVGYALSFSALVIASAILLGFRHLHCTRNYIHLNLFASFILRALSVFIKDAALKWMYSTAAQQHQWDGLLSYQDSLSCRLVFLLMQYCVAANYYWLLVEGVYLYTLLAFSVLSEQWIFRLYVSIGWGVPLLFVVPWGIVKYLYEDEGCWTRNSNMNYWLIIRLPILFAIGVNFLIFVRVICIVVSKLKANLMCKTDIKCRLAKSTLTLIPLLGTHEVIFAFVMDEHARGTLRFIKLFTELSFTSFQGLMVAILYCFVNNEVQLEFRKSWERWRLE,ATVSLWETVQKWREYRRQCQRSLTEDPPPATDLFCNRTFDEYACWPDGEPGSFVNVSCPWYLPWASSVPQGHVYRFCTAEGLWLQKD---LPWRDLSECEESKRGERSSPEEQLLFLYIIYTVGYALSFSALVIASAILLGFRHLHCTRNYIHLNLFASFILRALSVFIKDAALKWMYSTAAQQHQWDGLLSYQDSLSCRLVFLLMQYCVAANYYWLLVEGVYLYTLLAFSVFSEQWIFRLYVSIGWGVPLLFVVPWGIVKYLYEDEGCWTRNSNMNYWLIIRLPILFAIGVNFLIFVRVICIVVSKLKANLMCKTDIKCRLAKSTLTLIPLLGTHEVIFAFVMDEHARGTLRFIKLFTELSFTSFQGLMVAILYCFVNNEVQLEFRKSWERWRLE,27,423,MAGAPGPLRLALLLLGMVGRAGPRPQGATVSLWETVQKWREYRRQCQRSLTEDPPPATDLFCNRTFDEYACWPDGEPGSFVNVSCPWYLPWASSVPQGHVYRFCTAEGLWLQKDNSSLPWRDLSECEESKRGERSSPEEQLLFLYIIYTVGYALSFSALVIASAILLGFRHLHCTRNYIHLNLFASFILRALSVFIKDAALKWMYSTAAQQHQWDGLLSYQDSLSCRLVFLLMQYCVAANYYWLLVEGVYLYTLLAFSVLSEQWIFRLYVSIGWGVPLLFVVPWGIVKYLYEDEGCWTRNSNMNYWLIIRLPILFAIGVNFLIFVRVICIVVSKLKANLMCKTDIKCRLAKSTLTLIPLLGTHEVIFAFVMDEHARGTLRFIKLFTELSFTSFQGLMVAILYCFVNNEVQLEFRKSWERWRLEHLHIQRDSSMKPLKCPTSSLSSGATAGSSMYTATCQASCS,1.0,000000000000000000000000000000000000000000000000000000000000000000000000000000000000000111000000000000000000000000000000000000000000000000000000000000000000000000000000000000000000000000000000000000000000000000000000000000000000000000000000000000000000000000000000000000000000000000000000000000000000000000000000000000000000000000000000000000000000000000000000000000000000000000000000000000000000,0.6831736716184159,119,205,6.716427,7.9462633,0.6880362668911271,0.7493,0.3326,2021,33957078,14.0,5.280573136847512,/mnt/nas/research-data/luwei/dynamicbind_data/pdbbind_v11//pocket_aligned_fill_missing/P43220/5nx2.sdf,/mnt/nas/research-data/luwei/dynamicbind_data/database/wholePDB_v3//pocket_aligned_fill_missing/P43220/af2_7lci_UK4_R_mutated.pdb,N#Cc1ccc(COc2cccc(C3CCN(Cc4nc5ccc(C(=O)O)cc5n4CC4CCO4)CC3)n2)c(F)c1
7e9g_HZR_R,7e9g_R,7e9g_HZR_R,Q14416,/mnt/nas/research-data/luwei/dynamicbind_data/database/wholePDB_v3//pocket_aligned_fill_missing/Q14416/7e9g_HZR_R_aligned_to_Q14416_refined.pdb,/mnt/nas/research-data/luwei/dynamicbind_data/database/wholePDB_v3//pocket_aligned_fill_missing/Q14416/7e9g_HZR_R.sdf,/mnt/nas/research-data/luwei/dynamicbind_data/database/wholePDB_v3//pocket_aligned_fill_missing/Q14416/af2_7e9g_HZR_R_mutated.pdb,21.01354,3.3801668,0.7785982158005842,0.7781,0.4233,0.79515,1.9563985008648703,769,-25,7e9g,2021-06-23,61761,11327,11074,6087,505,HZR,CCCCn1ccc(N2CCC(c3ccccc3)CC2)c(Cl)c1=O,344.886,24,GPCR,GPCR,G-protein coupled receptor 3 family,/mnt/nas/research-data/luwei/dynamicbind_data/database/wholePDB_v3//pocket_aligned_fill_missing/Q14416/af2_7e9g_HZR_R_aligned.pdb,GRM2_HUMAN,0.9672544080604534,794,794,769,KKVLTLEGDLVLGGLFPVHQKGGPAEDCGPVNEHRGIQRLEAMLFALDRINRDPHLLPGVRLGAHILDSCSKDTHALEQALDFVRASLSRGADGSRHICPDGSYATHGDAPTAITGVIGGSYSDVSIQVANLLRLFQIPQISYASTSAKLSDKSRYDYFARTVPPDFFQAKAMAEILRFFNWTYVSTVASEGDYGETGIEAFELEARARNICVATSEKVGRAMSRAAFEGVVRALLQKPSARVAVLFTRSEDARELLAASQRLNASFTWVASDGWGALESVVAGSEGAAEGAITIELASYPISDFASYFQSLDPWNNSRNPWFREFWEQRFRCSFRQRDCAAHSLRAVPFEQESKIMFVVNAVYAMAHALHNMHRALCPNTTRLCDAMRPVNGRRLYKDFVLNVKFDAPFRPADTHNEVRFDRFGDGIGRYNIFTYLRAGSGRYRYQKVGYWAEGLTLDTSLIPWASPSAGPLPASRCSEPCLQNEVKSVQPGEVCCWLCIPCQPYEYRLDEFTCADCGLGYWPNASLTGCFELPQEYIRWGDAWAVGPVTIACLGALATLFVLGVFVRHNATPVVKASGRELCYILLGGVFLCYCMTFIFIAKPSTAVCTLRRLGLGTAFSVCYSALLTKTNRIARIFGGAREGAQRPRFISPASQVAICLALISGQLLIVVAWLVVEAPGTGKETAPERREVVTLRCNHRDASMLGSLAYNVLLIALCTLYAFKTRKCPENFNEAKFIGFTMYTTCIIWLAFLPIFYVTSSDYRVQTTTMCVSVSLSGSVVLGCLFAPKLHI,KKVLTLEGDLVLGGLFPVHQKGGPAEDCGPVNEHRGIQRLEAMLFALDRINRDPHLLPGVRLGAHILDSCSKDTHALEQALDFVRASL-------------------------ITGVIGGSYSDVSIQVANLLRLFQIPQISYASTSAKLSDKSRYDYFARTVPPDFFQAKAMAEILRFFNWTYVSTVASEGDYGETGIEAFELEARARNICVATSEKVGRAMSRAAFEGVVRALLQKPSARVAVLFTRSEDARELLAASQRLNASFTWVASDGWGALESVVAGSEGAAEGAITIELASYPISDFASYFQSLDPWNNSRNPWFREFWEQRFRCSFRQRDCAAHSLRAVPFEQESKIMFVVNAVYAMAHALHNMHRALCPNTTRLCDAMRPVNGRRLYKDFVLNVKFDAPFRPADTHNEVRFDRFGDGIGRYNIFTYLRAGSGRYRYQKVGYWAEGLTLDTSLIPWASPSAGPLPASRCSEPCLQNEVKSVQPGEVCCWLCIPCQPYEYRLDEFTCADCGLGYWPNASLTGCFELPQEYIRWGDAWAVGPVTIACLGALATLFVLGVFVRHNATPVVKAAGRELCYILLGGVFLCYCMTFIFIAKPSTAVCTLRRLGLGTAFSVCYSALLTKTNRIARIFGGAREGAQRPRFISPASQVAICLALISGQLLIVVAWLVVEAPGTGKETAPERREVVTLRCNHRDASMLGSLAYNVLLIALCTLYAFKTRKCPENFNEAKFIGFTMYTTCIIWLAFLPIFYVTSSDYRVQTTTMCVSVSLSGSVVLGCLFAPKLHI,22,816,MGSLLALLALLLLWGAVAEGPAKKVLTLEGDLVLGGLFPVHQKGGPAEDCGPVNEHRGIQRLEAMLFALDRINRDPHLLPGVRLGAHILDSCSKDTHALEQALDFVRASLSRGADGSRHICPDGSYATHGDAPTAITGVIGGSYSDVSIQVANLLRLFQIPQISYASTSAKLSDKSRYDYFARTVPPDFFQAKAMAEILRFFNWTYVSTVASEGDYGETGIEAFELEARARNICVATSEKVGRAMSRAAFEGVVRALLQKPSARVAVLFTRSEDARELLAASQRLNASFTWVASDGWGALESVVAGSEGAAEGAITIELASYPISDFASYFQSLDPWNNSRNPWFREFWEQRFRCSFRQRDCAAHSLRAVPFEQESKIMFVVNAVYAMAHALHNMHRALCPNTTRLCDAMRPVNGRRLYKDFVLNVKFDAPFRPADTHNEVRFDRFGDGIGRYNIFTYLRAGSGRYRYQKVGYWAEGLTLDTSLIPWASPSAGPLPASRCSEPCLQNEVKSVQPGEVCCWLCIPCQPYEYRLDEFTCADCGLGYWPNASLTGCFELPQEYIRWGDAWAVGPVTIACLGALATLFVLGVFVRHNATPVVKASGRELCYILLGGVFLCYCMTFIFIAKPSTAVCTLRRLGLGTAFSVCYSALLTKTNRIARIFGGAREGAQRPRFISPASQVAICLALISGQLLIVVAWLVVEAPGTGKETAPERREVVTLRCNHRDASMLGSLAYNVLLIALCTLYAFKTRKCPENFNEAKFIGFTMYTTCIIWLAFLPIFYVTSSDYRVQTTTMCVSVSLSGSVVLGCLFAPKLHIILFQPQKNVVSHRAPTSRFGSAAARASSSLGQGSGSQFVPTVCNGREVVDSTTSSL,1.0,00000000000000000000000000000000000000000000000000000000000000000000000000000000000000001111111111111111111111111000000000000000000000000000000000000000000000000000000000000000000000000000000000000000000000000000000000000000000000000000000000000000000000000000000000000000000000000000000000000000000000000000000000000000000000000000000000000000000000000000000000000000000000000000000000000000000000000000000000000000000000000000000000000000000000000000000000000000000000000000000000000000000000000000000000000000000000000000000000000000000000000000000000000000000000000000000000000000000000000000000000000000000000000000000000000000000000000000000000000000000000000000000000000000000000000000000000000000000000000000000000000000000000000000000000000000000000000000000000000000000000000000000000,0.7835233792148618,130,231,20.464327,3.3801668,0.7785982158005842,0.7776,0.4233,2021,34135510,40.0,96.58662395799192,/mnt/nas/research-data/luwei/dynamicbind_data/pdbbind_v11//pocket_aligned_fill_missing/Q14416/4xas.sdf,/mnt/nas/research-data/luwei/dynamicbind_data/database/wholePDB_v3//pocket_aligned_fill_missing/Q14416/af2_7e9g_HZR_R_mutated.pdb,CCCCn1ccc(N2CCC(c3ccccc3)CC2)c(Cl)c1=O
7c2e_FFR_R,7c2e_R,7c2e_FFR_R,P43220,/mnt/nas/research-data/luwei/dynamicbind_data/database/wholePDB_v3//pocket_aligned_fill_missing/P43220/7c2e_FFR_R_aligned_to_P43220_refined.pdb,/mnt/nas/research-data/luwei/dynamicbind_data/database/wholePDB_v3//pocket_aligned_fill_missing/P43220/7c2e_FFR_R.sdf,/mnt/nas/research-data/luwei/dynamicbind_data/database/wholePDB_v3//pocket_aligned_fill_missing/P43220/af2_7c2e_FFR_R_mutated.pdb,6.581164,7.6076703,0.655012068736939,0.712,0.4303,0.81311,5.400146833168031,380,-14,7c2e,2020-08-26,3470,2144,3296,3244,1087,FFR,N#Cc1ccc(COc2cccc(C3=CCN(Cc4nc5ccc(C(=O)O)nc5n4CC4CCO4)CC3)n2)c(F)c1,554.5820000000004,41,GPCR,GPCR,G-protein coupled receptor 2 family,/mnt/nas/research-data/luwei/dynamicbind_data/database/wholePDB_v3//pocket_aligned_fill_missing/P43220/af2_7c2e_FFR_R_aligned.pdb,GLP1R_HUMAN,0.9619289340101524,394,394,380,VSLWETVQKWREYRRQCQRSLTEDPPPATDLFCNRTFDEYACWPDGEPGSFVNVSCPWYLPWASSVPQGHVYRFCTAEGLWLQKDNSSLPWRDLSECEESKRGERSSPEEQLLFLYIIYTVGYALSFSALVIASAILLGFRHLHCTRNYIHLNLFASFILRALSVFIKDAALKWMYSTAAQQHQWDGLLSYQDSLSCRLVFLLMQYCVAANYYWLLVEGVYLYTLLAFSVLSEQWIFRLYVSIGWGVPLLFVVPWGIVKYLYEDEGCWTRNSNMNYWLIIRLPILFAIGVNFLIFVRVICIVVSKLKANLMCKTDIKCRLAKSTLTLIPLLGTHEVIFAFVMDEHARGTLRFIKLFTELSFTSFQGLMVAILYCFVNNEVQLEFRKSWERWRLE,VSLWETVQKWREYRRQCQRSLTEDPPPATDLFCNRTFDEYACWPDGEPGSFVNVSCPWYLPWASSVPQGHVYRFCTAEGLWLQKDNSSLPWRDLSECEE--------PEEQLLFLYIIYTVGYALSFSALVIASAILLGFRHLHCTRNYIHLNLFASFILRALSVFIKDAALKWMYSTAAQQHQWDGLLSYQDSLSCRLVFLLMQYCVAANYYWLLVEGVYLYTLLAFSVFSEQWIFRLYVSIGWGVPLLFVVPWGIVKYLYEDEGCWTRNSNMNYWLIIRLPILFAIGVNFLIFVRVICIVVSKLKA------DIKCRLAKSTLTLIPLLGTHEVIFAFVMDEHARGTLRFIKLFTELSFTSFQGLMVAILYCFVNNEVQLEFRKSWERWRLE,29,423,MAGAPGPLRLALLLLGMVGRAGPRPQGATVSLWETVQKWREYRRQCQRSLTEDPPPATDLFCNRTFDEYACWPDGEPGSFVNVSCPWYLPWASSVPQGHVYRFCTAEGLWLQKDNSSLPWRDLSECEESKRGERSSPEEQLLFLYIIYTVGYALSFSALVIASAILLGFRHLHCTRNYIHLNLFASFILRALSVFIKDAALKWMYSTAAQQHQWDGLLSYQDSLSCRLVFLLMQYCVAANYYWLLVEGVYLYTLLAFSVLSEQWIFRLYVSIGWGVPLLFVVPWGIVKYLYEDEGCWTRNSNMNYWLIIRLPILFAIGVNFLIFVRVICIVVSKLKANLMCKTDIKCRLAKSTLTLIPLLGTHEVIFAFVMDEHARGTLRFIKLFTELSFTSFQGLMVAILYCFVNNEVQLEFRKSWERWRLEHLHIQRDSSMKPLKCPTSSLSSGATAGSSMYTATCQASCS,1.0,0000000000000000000000000000000000000000000000000000000000000000000000000000000000000000000000000001111111100000000000000000000000000000000000000000000000000000000000000000000000000000000000000000000000000000000000000000000000000000000000000000000000000000000000000000000000000000000000000000000000000000000011111100000000000000000000000000000000000000000000000000000000000000000000000000000000,0.6749606508453796,118,210,6.58655,7.6076703,0.655012068736939,0.7131,0.4303,2020,32724086,14.0,5.074810291745284,/mnt/nas/research-data/luwei/dynamicbind_data/pdbbind_v11//pocket_aligned_fill_missing/P43220/5nx2.sdf,/mnt/nas/research-data/luwei/dynamicbind_data/database/wholePDB_v3//pocket_aligned_fill_missing/P43220/af2_7c2e_FFR_R_mutated.pdb,N#Cc1ccc(COc2cccc(C3=CCN(Cc4nc5ccc(C(=O)O)nc5n4CC4CCO4)CC3)n2)c(F)c1
6x1a_UK4_R,6x1a_R,6x1a_UK4_R,P43220,/mnt/nas/research-data/luwei/dynamicbind_data/database/wholePDB_v3//pocket_aligned_fill_missing/P43220/6x1a_UK4_R_aligned_to_P43220_refined.pdb,/mnt/nas/research-data/luwei/dynamicbind_data/database/wholePDB_v3//pocket_aligned_fill_missing/P43220/6x1a_UK4_R.sdf,/mnt/nas/research-data/luwei/dynamicbind_data/database/wholePDB_v3//pocket_aligned_fill_missing/P43220/af2_6x1a_UK4_R_mutated.pdb,6.5005703,7.971525,0.7095004037734709,0.738,0.3328,0.80809,5.538914015883939,390,-6,6x1a,2020-09-09,3470,2144,3296,3244,1087,UK4,N#Cc1ccc(COc2cccc(C3CCN(Cc4nc5ccc(C(=O)O)cc5n4CC4CCO4)CC3)n2)c(F)c1,555.6100000000002,41,GPCR,GPCR,G-protein coupled receptor 2 family,/mnt/nas/research-data/luwei/dynamicbind_data/database/wholePDB_v3//pocket_aligned_fill_missing/P43220/af2_6x1a_UK4_R_aligned.pdb,GLP1R_HUMAN,0.9823232323232324,396,396,390,ATVSLWETVQKWREYRRQCQRSLTEDPPPATDLFCNRTFDEYACWPDGEPGSFVNVSCPWYLPWASSVPQGHVYRFCTAEGLWLQKDNSSLPWRDLSECEESKRGERSSPEEQLLFLYIIYTVGYALSFSALVIASAILLGFRHLHCTRNYIHLNLFASFILRALSVFIKDAALKWMYSTAAQQHQWDGLLSYQDSLSCRLVFLLMQYCVAANYYWLLVEGVYLYTLLAFSVLSEQWIFRLYVSIGWGVPLLFVVPWGIVKYLYEDEGCWTRNSNMNYWLIIRLPILFAIGVNFLIFVRVICIVVSKLKANLMCKTDIKCRLAKSTLTLIPLLGTHEVIFAFVMDEHARGTLRFIKLFTELSFTSFQGLMVAILYCFVNNEVQLEFRKSWERWRLE,ATVSLWETVQKWREYRRQCQRSLTEDPPPATDLFCNRTFDEYACWPDGEPGSFVNVSCPWYLPWASSVPQGHVYRFCTAEGLWLQKDNSSLPWRDLSECEE------SSPEEQLLFLYIIYTVGYALSFSALVIASAILLGFRHLHCTRNYIHLNLFASFILRALSVFIKDAALKWMYSTAAQQHQWDGLLSYQDSLSCRLVFLLMQYCVAANYYWLLVEGVYLYTLLAFSVFSEQWIFRLYVSIGWGVPLLFVVPWGIVKYLYEDEGCWTRNSNMNYWLIIRLPILFAIGVNFLIFVRVICIVVSKLKANLMCKTDIKCRLAKSTLTLIPLLGTHEVIFAFVMDEHARGTLRFIKLFTELSFTSFQGLMVAILYCFVNNEVQLEFRKSWERWRLE,27,423,MAGAPGPLRLALLLLGMVGRAGPRPQGATVSLWETVQKWREYRRQCQRSLTEDPPPATDLFCNRTFDEYACWPDGEPGSFVNVSCPWYLPWASSVPQGHVYRFCTAEGLWLQKDNSSLPWRDLSECEESKRGERSSPEEQLLFLYIIYTVGYALSFSALVIASAILLGFRHLHCTRNYIHLNLFASFILRALSVFIKDAALKWMYSTAAQQHQWDGLLSYQDSLSCRLVFLLMQYCVAANYYWLLVEGVYLYTLLAFSVLSEQWIFRLYVSIGWGVPLLFVVPWGIVKYLYEDEGCWTRNSNMNYWLIIRLPILFAIGVNFLIFVRVICIVVSKLKANLMCKTDIKCRLAKSTLTLIPLLGTHEVIFAFVMDEHARGTLRFIKLFTELSFTSFQGLMVAILYCFVNNEVQLEFRKSWERWRLEHLHIQRDSSMKPLKCPTSSLSSGATAGSSMYTATCQASCS,1.0,000000000000000000000000000000000000000000000000000000000000000000000000000000000000000000000000000001111110000000000000000000000000000000000000000000000000000000000000000000000000000000000000000000000000000000000000000000000000000000000000000000000000000000000000000000000000000000000000000000000000000000000000000000000000000000000000000000000000000000000000000000000000000000000000000000000000,0.7491360512203362,116,213,6.5479116,7.971525,0.7095004037734709,0.7396,0.3328,2020,33027691,54.0,5.420933979176489,/mnt/nas/research-data/luwei/dynamicbind_data/pdbbind_v11//pocket_aligned_fill_missing/P43220/5nx2.sdf,/mnt/nas/research-data/luwei/dynamicbind_data/database/wholePDB_v3//pocket_aligned_fill_missing/P43220/af2_6x1a_UK4_R_mutated.pdb,N#Cc1ccc(COc2cccc(C3CCN(Cc4nc5ccc(C(=O)O)cc5n4CC4CCO4)CC3)n2)c(F)c1
